n°	source	destination	distance	nb itérations simple	nb itérations bidir	temps simple (ms)	temps bidir (ms)
1	7611	5959	7292	5893	5071	202.8096	147.0299
2	5024	9036	5711	3264	2685	40.4546	37.1208
3	1569	5469	7680	7601	6230	156.6682	71.1705
4	3363	7911	987	200	121	1.993	2.2995
5	6946	4726	4360	3128	2164	30.3955	28.9001
6	9083	3706	8426	6392	5559	124.5488	108.7524
7	8743	8774	8903	7974	5650	78.9679	62.4183
8	190	2756	2208	1020	699	9.3976	9.9649
9	245	2721	8948	7830	3991	75.3576	53.7584
10	8293	1964	10042	8974	6401	203.2182	92.2618
11	747	7460	4306	2700	1662	36.2182	23.3322
12	5319	3339	3352	2535	1582	35.22	22.9599
13	5336	8974	3713	1143	917	15.0341	14.3166
14	9332	7544	7409	5513	4458	57.9404	50.4975
15	8489	2014	8951	8997	6740	92.0655	80.6555
16	1287	7167	1611	693	352	7.0351	4.3864
17	9440	7626	5405	6002	4121	66.4989	46.6469
18	1887	7245	6138	4410	3683	50.2193	41.2541
19	1904	9033	4973	3137	2333	42.0555	32.5969
20	7511	5946	5641	7798	3003	80.4123	32.6053
21	3013	2078	652	130	60	1.2725	0.9719
22	4432	8739	4201	1920	1657	18.4149	17.75
23	2129	4673	1015	280	166	2.5613	1.9922
24	3136	6818	4738	6341	3072	59.1979	34.4472
25	4896	2427	5044	2654	2181	20.6641	18.6723
26	8660	4125	9394	9200	6314	73.0767	76.9819
27	5309	1503	7575	6782	5684	77.4654	70.9621
28	7857	5384	6924	5877	4619	52.0676	43.3378
29	1517	8176	12235	9726	7557	84.6157	74.7025
30	1208	7160	6984	7906	4946	60.4991	47.1189
31	5097	6722	7327	6969	5025	61.0461	47.512
32	888	806	6980	7614	5963	57.2321	49.9718
33	9370	609	1722	828	426	6.2344	4.2847
34	9038	6027	6017	6156	4378	49.7004	41.2645
35	8173	3960	3172	2845	1403	24.7111	13.2383
36	4199	6990	9693	8452	6710	71.1612	58.7584
37	742	2895	9510	7846	6234	66.4506	73.8231
38	8358	6407	1388	547	247	5.2747	2.7718
39	5568	9476	6221	7133	4907	64.176	50.9255
40	224	351	5143	6497	3496	58.278	36.2672
41	6386	3108	3744	3482	1625	31.5817	15.667
42	132	1863	5939	5168	3944	38.5771	32.9213
43	4446	6614	2009	989	539	7.9166	4.8581
44	1129	3409	5903	5516	4545	40.9328	37.5115
45	3587	1429	9935	8765	7154	61.6758	56.9431
46	6080	7022	1354	254	188	1.6194	2.0072
47	3090	9736	8758	6523	5751	48.3714	53.1439
48	4777	6549	5422	4536	3129	41.2835	32.2001
49	1901	6016	7348	6368	4865	60.0565	52.1559
50	193	3821	2729	1850	1085	19.9494	13.0393
51	9643	7677	4844	4635	2303	43.5644	19.1288
52	8632	567	5164	5129	3768	41.267	30.8928
53	9097	5517	1641	778	361	6.7667	3.3232
54	8481	8619	8621	7601	5837	69.1894	53.5864
55	90	7970	3352	3104	1530	26.5038	12.9877
56	8210	3566	6155	9119	3962	64.6748	33.1635
57	2927	4559	3883	2011	1825	15.2223	15.2399
58	2811	2317	6050	6056	4157	45.8391	33.2186
59	3842	79	9397	8738	6904	62.7657	54.0213
60	7524	1560	1346	532	294	4.1152	4.8034
61	6876	3618	12451	9876	7521	69.3739	60.0042
62	6863	9566	4619	5992	2419	44.2799	19.3097
63	9415	5604	921	144	88	1.0357	1.2618
64	5613	9360	3813	3783	1650	29.367	13.7461
65	7037	9420	2897	984	803	7.9402	6.5914
66	2717	3061	3207	2822	1509	24.0701	13.6668
67	8319	3278	6446	5785	4368	53.049	39.4111
68	2062	3466	6399	5511	4657	43.2863	40.5153
69	4994	3277	8579	8786	6777	64.0349	55.6659
70	2149	4707	3408	2358	1464	20.5299	12.45
71	5059	8945	5294	5974	3129	44.7305	25.1124
72	410	3811	2225	1382	725	12.5872	6.1315
73	8139	7328	5716	6624	4134	47.2741	32.8382
74	3181	1332	7093	6871	4388	50.9353	35.1186
75	8078	5453	6648	6245	3612	47.1435	28.9934
76	310	2115	2696	1984	996	15.1523	8.2032
77	1406	2762	1590	698	348	6.9716	3.17
78	1770	4571	5372	4016	3473	33.4524	31.6019
79	4060	970	2988	2503	1206	18.9822	10.2492
80	9753	1788	5562	4743	2815	36.1324	27.2543
81	1822	3800	7170	6492	4326	59.0183	43.6254
82	8565	9560	7099	6220	4320	54.206	34.364
83	6508	2462	3418	1988	1394	16.0982	11.4122
84	557	9066	5487	4535	3541	35.0244	28.4414
85	2805	7363	8642	7982	6646	61.6641	55.9948
86	151	4579	7156	4619	4019	39.1002	33.9303
87	846	5731	4384	5334	2639	40.5467	21.2488
88	5228	178	3805	3839	2059	29.9343	16.7314
89	1002	7868	2489	1394	906	10.5722	7.8489
90	7500	7695	4415	2819	1936	21.8976	15.8705
91	4598	4899	6360	7706	3636	56.358	30.3192
92	2803	5877	7912	9491	6079	68.3208	48.2788
93	8411	1025	7377	6995	4546	50.3125	37.1147
94	3604	2234	5466	4944	3454	36.929	27.8244
95	3270	6798	3990	3496	2240	27.3816	18.3508
96	3905	4572	7168	6053	5075	43.5365	41.4345
97	4164	4312	3953	2359	1623	17.9046	13.5918
98	3821	1593	230	23	13	0.2053	0.4998
99	8055	4544	7358	9635	5000	67.6873	39.2297
100	2600	2443	6337	5647	4900	45.0031	40.2299
101	6070	545	9701	9371	7144	67.3111	57.2173
102	5162	1822	5127	5676	2810	43.7849	23.7808
103	9680	1726	9433	9578	6573	68.2238	51.6883
104	9099	3743	7486	8989	5304	63.6749	43.5274
105	4417	198	1968	951	540	7.2602	4.8698
106	7278	6243	2103	1259	625	10.0736	5.776
107	3069	1207	1440	606	293	4.9367	2.7516
108	7150	6562	7214	6938	5660	51.0999	44.5461
109	7289	6684	4768	4203	3161	30.9224	26.6436
110	113	1694	5362	7553	3764	55.3384	31.3945
111	7129	6484	739	152	93	1.1388	1.0575
112	9689	2980	2669	1970	716	15.3928	5.986
113	6052	3185	5183	3664	2707	27.5743	21.6811
114	4617	8893	5746	6986	3680	51.6766	29.624
115	7635	7817	11334	9773	7419	68.1065	61.0876
116	997	3073	1558	555	362	4.3879	3.7782
117	537	9261	4771	6347	2352	46.3736	19.6604
118	7698	2105	8698	6612	3899	52.1119	31.9293
119	2845	6612	2031	745	489	6.2627	4.2051
120	9068	927	5366	7955	2860	57.6527	23.3012
121	2306	9427	6736	7911	5322	57.4691	41.6596
122	2166	2724	1495	650	340	4.7145	3.1601
123	8311	235	3666	1172	1020	10.729	8.4621
124	220	1806	2295	1466	778	12.007	7.0984
125	186	5359	4836	5180	3346	37.9095	27.6272
126	1813	236	3330	2561	1567	19.5908	12.8052
127	9944	7216	5284	4667	3465	34.1635	29.6053
128	6165	9880	2655	1951	1035	14.9665	8.8825
129	5536	7383	4771	4351	3219	32.0498	25.951
130	8814	5128	8446	8289	5933	64.9395	47.8771
131	1957	8606	6013	7660	3307	54.739	26.3889
132	6310	9664	5382	4568	3178	34.97	25.9455
133	9538	5739	8796	8561	5494	60.7792	46.5415
134	8563	5047	2416	1618	782	12.8875	6.7367
135	7815	5674	9482	8659	5712	80.2203	48.8035
136	8835	8964	8203	8985	6199	64.1052	49.18
137	4514	6374	1302	443	255	3.388	2.4815
138	6697	2118	2271	1026	658	8.0457	5.8075
139	6041	4932	2651	1959	1020	15.119	8.6868
140	5585	8157	8485	6336	5474	47.0286	43.0608
141	8084	8557	6155	4981	4131	38.4239	33.0426
142	997	6872	6850	4971	4386	36.0477	36.3302
143	5128	9237	8943	8619	6891	61.121	54.4676
144	2024	892	4325	4768	2574	40.9025	22.3487
145	1757	9100	6506	5546	4568	40.7808	39.0623
146	6895	285	8083	8635	6651	62.4354	53.2556
147	4433	1041	4690	4659	3103	34.6412	28.3705
148	2848	4348	5119	4140	3055	32.49	24.3889
149	4213	238	1624	700	295	5.1176	2.7626
150	7042	5037	5544	6141	4357	49.3152	35.4076
151	1749	4276	3140	1437	994	11.1862	8.9279
152	6324	2612	3132	2615	1460	19.9826	12.3083
153	245	4868	2335	1005	688	9.0354	5.8861
154	2681	3180	6919	5422	4729	39.217	37.7704
155	5703	3430	9775	9132	6790	65.0499	54.1108
156	1537	932	4816	2651	2353	19.7357	19.2769
157	9801	2298	8936	9131	7040	65.0888	57.2487
158	9028	9558	4213	2815	1597	22.2079	13.1358
159	8156	5529	4813	2371	2038	17.9312	16.9674
160	7639	8980	5757	5516	3720	41.8903	29.5855
161	3199	1862	7344	5553	4703	40.8557	37.981
162	8624	3713	4314	4199	1915	30.8181	15.3039
163	6345	7239	6862	7536	5296	55.7911	41.1583
164	6998	8186	3967	1916	1707	15.8584	14.2801
165	2422	6986	1183	399	192	3.6471	2.4052
166	994	7407	7869	6882	5203	50.6415	42.166
167	441	2982	5098	3323	2023	26.4138	17.6041
168	946	3906	3271	2632	1533	20.2696	14.4731
169	3759	5551	8478	7472	5794	54.0728	46.3688
170	1804	7387	2443	985	712	7.1243	6.1828
171	9764	1413	3086	1953	1262	14.9543	10.8903
172	8976	2517	5572	5914	3977	43.8344	33.024
173	1679	3994	3880	3671	1660	28.9845	13.9884
174	6582	3017	9746	8731	6242	62.7174	48.3131
175	5096	4926	2829	2236	1215	18.4473	10.3884
176	5830	9365	3691	3401	1642	25.8089	13.8248
177	2635	4729	3227	1367	1135	10.4054	9.8083
178	3382	7192	6924	6116	5229	45.6395	41.7723
179	6900	2660	5743	4834	4253	41.2175	34.1638
180	9054	2380	7658	9454	5607	67.0007	43.6937
181	8985	6580	6467	6221	5048	46.8629	39.1151
182	935	5313	5099	7043	2656	56.8719	21.245
183	6215	5700	7329	7153	5212	54.2854	44.7515
184	3458	3026	1111	187	133	1.3741	1.4204
185	501	734	4618	3292	2332	24.9493	20.9422
186	1174	1398	2411	1612	782	12.677	6.5726
187	2933	4917	7516	8558	6280	70.694	50.4539
188	8033	3782	6874	5959	5071	42.8569	40.9963
189	6537	7650	9812	8042	6796	59.0421	52.2018
190	9599	4662	8924	8053	6717	58.3607	51.8186
191	34	6474	3919	4136	2213	32.8204	18.2104
192	6136	7393	5488	5931	4378	43.6311	36.5768
193	8947	2232	7998	8666	4717	61.4646	38.6421
194	7204	5829	9043	7311	4621	52.4683	37.317
195	7060	1868	1531	661	313	5.0588	3.6332
196	1978	9736	1080	324	166	3.0302	1.8026
197	4482	6671	9807	7807	6609	58.6578	50.7953
198	4134	8326	2077	748	436	5.7852	4.1944
199	1412	9538	1074	324	167	3.4594	1.8354
200	4568	584	10038	9954	6947	72.5079	55.636
201	5481	8322	7685	7201	5483	51.5883	44.2806
202	9881	2035	7640	7721	5892	55.213	47.5631
203	1357	106	6399	4321	3666	32.5414	29.8738
204	4441	282	960	236	129	1.6274	1.4881
205	2363	2726	3569	1596	1413	13.6066	11.8031
206	9940	1376	7121	8793	4597	61.7123	37.8836
207	5355	8159	8838	7905	6704	56.2677	55.9035
208	3219	6862	3425	1965	1578	15.1986	13.3006
209	4828	6071	9051	7530	6634	54.057	51.044
210	9982	9933	2075	656	427	5.7064	5.2244
211	9565	5955	7038	5424	4683	39.4889	37.4395
212	2719	8433	3818	2701	1308	23.2907	11.0408
213	7270	2640	3178	2545	1422	19.9004	12.0725
214	3634	4563	9627	7922	6729	61.2546	62.7924
215	8100	9571	1785	885	491	7.0515	4.4853
216	1416	9129	6469	7109	4315	54.0062	34.3313
217	7505	1393	3535	2475	1337	19.0184	12.6555
218	2299	3955	7839	6766	4674	49.1806	37.898
219	8097	3608	4157	2933	2019	22.171	16.7052
220	6652	629	10526	9998	6892	70.6796	53.2993
221	2168	376	1939	814	413	5.8683	3.8941
222	2568	7788	7734	8860	6470	62.7144	52.8429
223	8234	8770	4513	5464	2904	39.8165	23.1757
224	649	9407	9406	9481	6967	67.0952	57.5324
225	4875	9707	6370	5011	4274	36.6706	33.1678
226	57	5652	4867	6416	2428	48.0143	22.7132
227	8148	1180	4569	5088	2932	39.9386	23.5709
228	465	2267	8104	6219	3957	48.5736	34.7208
229	4055	3978	4739	5333	3138	41.3225	25.6526
230	5535	3451	3462	2417	1646	19.7701	13.4237
231	5018	9661	5634	6713	4303	48.9147	35.5437
232	9414	4183	6183	7135	3018	51.1404	24.5632
233	239	3199	2438	1670	809	14.4582	6.7307
234	2255	6205	770	121	86	0.9152	1.0492
235	2356	7811	3858	1789	1607	13.7355	13.328
236	2574	1547	9363	8648	6772	62.6903	52.7434
237	8038	6191	2424	930	685	7.0883	6.1029
238	6623	7294	5714	3453	3044	26.7716	24.9041
239	4433	359	1907	998	555	7.7148	5.4146
240	5183	7048	1089	292	165	2.2465	1.6996
241	8610	3895	1922	989	514	7.8558	4.7133
242	6391	5645	3781	3351	2120	25.2194	18.9817
243	221	4685	6627	5073	3270	38.4365	25.7345
244	147	5915	4064	2700	1981	21.8775	15.7725
245	2746	2417	1961	732	597	5.8078	5.0612
246	6481	4867	7301	7545	6017	53.3363	48.683
247	6410	9250	6268	7702	4559	57.905	37.5223
248	6421	2744	4495	3146	2698	23.7959	22.1921
249	2776	6863	1504	610	346	4.6133	4.2723
250	5834	7683	1859	1038	489	8.2356	4.2544
251	1211	4142	6417	7623	4904	59.8217	40.8467
252	7058	6848	5500	3539	2955	26.9456	23.4849
253	4584	3820	3789	3920	1624	30.6769	13.2777
254	318	7401	7259	7646	5396	58.4178	43.4863
255	5732	306	5129	3104	2706	24.4082	22.3759
256	889	8637	5270	6563	3063	49.7194	24.5153
257	7686	4176	5307	4962	4120	36.5317	34.6262
258	8142	5821	5212	3872	2852	28.6559	23.1193
259	8763	8841	1159	248	177	1.9266	1.9534
260	187	8547	587	93	47	0.8723	0.7316
261	1156	6586	7478	5696	5063	43.0005	39.4423
262	8717	9855	2323	1528	749	11.9562	6.3247
263	9850	2568	1369	551	272	4.3802	4.313
264	4858	5903	1555	701	343	5.3976	3.1447
265	4209	7941	8680	7950	4301	56.8059	35.65
266	5998	9850	7202	8058	5406	56.4118	44.4318
267	9690	4959	3536	3124	1426	22.9995	15.1073
268	7245	3097	4711	6017	2630	46.9587	24.7252
269	2002	9701	7413	5390	4791	40.3386	41.3162
270	5128	6754	8737	8335	4622	60.0507	38.6164
271	3608	7639	2615	1923	947	15.6199	8.1484
272	7530	2979	7056	5812	5038	42.041	41.7366
273	9772	2009	5930	7433	4143	52.8144	34.4167
274	866	6568	1979	1111	561	8.7038	4.8199
275	4035	8899	9717	9755	6613	69.5125	51.501
276	3723	9769	5544	5048	4131	38.6632	32.5695
277	8919	5832	2834	2237	1115	17.7534	9.6772
278	8870	1234	8500	9283	6564	66.1917	52.1641
279	2171	6513	8382	9734	5071	67.1011	42.0537
280	6409	9744	7092	7531	5174	53.8907	46.6879
281	5116	9654	2422	1466	882	11.1848	8.0972
282	4769	5525	3920	4003	1516	30.7689	14.5079
283	643	5048	2429	1218	802	9.2892	7.1042
284	1363	6489	7455	5554	3700	44.1611	29.7878
285	424	9614	3466	2143	1625	20.4522	14.2303
286	2865	253	3299	3026	1466	23.678	12.3277
287	2064	5177	5780	7325	4152	53.7742	33.4599
288	5032	4092	8236	7926	5668	57.0864	43.7422
289	8374	8806	5429	2869	2574	21.7097	22.2346
290	2821	177	5321	6980	2310	50.0753	18.7316
291	1784	4816	10170	9787	6296	69.0861	50.0851
292	3960	7423	5859	7347	4126	54.525	36.6183
293	9736	5040	6557	8126	5368	58.0715	43.2272
294	8768	1329	6766	7075	5248	50.9545	43.1131
295	9123	5410	6477	5309	4088	38.3804	35.9921
296	8998	7663	5755	4411	3653	33.4707	29.8357
297	6591	3813	3612	3535	1480	35.7427	16.4422
298	182	5865	7103	7866	6128	61.9593	49.2523
299	9325	8350	5183	4874	2864	36.1639	23.2441
300	8088	67	9609	8502	5234	60.9484	41.7414
301	1038	2681	9582	8119	5588	57.4985	44.6988
302	6637	3022	9015	7741	6529	55.4659	51.6597
303	369	2414	8861	8677	6325	64.3952	49.082
304	7733	6798	2135	1186	698	8.9065	6.454
305	4890	908	7216	5931	4584	44.0196	36.8448
306	1565	877	5946	6713	3855	50.8974	30.5226
307	8575	1781	7615	5782	5207	41.69	43.2025
308	4885	3259	7152	5558	4813	42.4114	39.5068
309	4124	7669	7640	7879	5406	57.7262	45.7928
310	5648	3232	9658	9177	6988	67.8542	54.1962
311	3126	927	6296	5774	3579	43.185	28.5983
312	1893	3792	8565	8139	5892	59.2529	45.7944
313	764	8070	4350	2410	2032	18.596	16.4496
314	8786	3434	7236	8255	5057	59.3465	39.6318
315	458	3222	7647	6512	4733	47.8632	37.6576
316	6656	8509	9525	8687	6802	62.1087	53.4679
317	8631	1677	2857	2296	1133	17.8611	9.7634
318	5633	712	2106	1214	672	9.5249	5.6786
319	7647	8809	9090	9483	6991	66.6255	54.6303
320	3782	3500	3051	2506	1082	22.5961	8.8327
321	1051	5566	6222	6475	3834	48.0483	31.8004
322	2525	7407	8602	6321	4913	48.0444	41.5139
323	7131	4916	2711	1214	930	9.8745	8.2464
324	2584	8704	2956	2464	927	20.4433	8.0214
325	1669	8971	2940	2306	1241	17.8169	10.4447
326	6025	2	3535	3203	1792	25.241	15.1173
327	7319	5212	6453	3743	3341	28.0764	26.9173
328	2265	3128	5229	4348	3081	33.4765	24.5091
329	2521	622	9806	8359	5922	59.9783	46.7835
330	5752	4267	8896	7573	6460	54.6082	50.0504
331	6366	6562	4498	5174	2862	38.2638	23.4782
332	7534	1355	2315	1484	757	11.326	6.8386
333	1721	6299	9421	9110	6721	64.4765	51.643
334	8256	9599	8004	8407	5630	59.8547	45.7044
335	77	6749	2901	2235	914	16.9325	7.6864
336	6206	3994	3524	2270	1429	17.0727	11.804
337	6428	2465	3999	4524	2032	36.8908	17.9947
338	7738	9149	3356	2932	1540	23.5284	12.9462
339	5281	930	4434	3365	2487	24.747	20.6889
340	8019	3779	8305	7348	5774	56.1533	49.9036
341	25	2839	3499	3425	1668	28.1674	20.2811
342	8143	236	2039	564	392	4.1563	3.469
343	3259	2717	4362	3825	2779	28.9543	25.9042
344	3271	2890	6024	5116	3607	37.1688	34.4598
345	825	5825	8640	7948	6716	57.3161	54.2384
346	3228	8050	3191	2841	1110	21.7043	9.1871
347	6782	263	5142	4866	3005	36.1345	24.2327
348	199	1231	8480	9577	5932	67.1016	48.3893
349	6807	7353	9781	9178	7261	65.0318	56.0358
350	30	2889	8259	8464	6441	60.7709	49.3896
351	895	5055	4932	6093	3457	48.0083	29.0881
352	8995	9308	3987	3447	2313	25.9282	20.4505
353	7155	2600	6014	5532	4281	42.5336	35.3786
354	342	201	5125	4856	3693	37.887	29.9126
355	1268	5699	5868	7021	3386	52.7525	26.8973
356	2427	838	4259	3280	2257	24.4435	18.8384
357	6234	7884	8741	8114	6511	59.0021	52.2055
358	7142	4274	3345	3133	1356	23.1731	11.6835
359	6789	9958	8340	9295	6531	65.4909	51.6843
360	195	6937	3845	2244	1531	17.1699	14.2656
361	1359	9969	4160	4535	1869	33.1902	15.556
362	6306	9856	9162	8781	6411	66.0517	50.0734
363	6878	3561	8066	6096	4356	45.4845	34.0648
364	8767	398	7313	7381	4801	53.3922	37.75
365	342	123	8033	9028	6053	67.3433	47.0932
366	1744	5992	9310	9421	5442	86.0026	47.7311
367	298	1204	9236	9985	5873	70.675	45.0479
368	4983	3031	3557	2150	1629	16.6201	13.6059
369	642	6343	7039	6677	5540	49.7504	43.372
370	55	5255	8643	7390	4209	55.2834	32.7985
371	5369	2443	6571	6111	5177	46.0084	39.9439
372	5124	2271	8870	7641	6070	55.6966	46.459
373	3854	1743	3389	2486	1586	20.3566	12.985
374	8803	7592	5035	6640	3266	49.6537	26.3132
375	8378	1131	10930	9593	7407	67.9153	59.3212
376	2576	2235	7942	7679	6168	57.5186	49.318
377	9601	8916	2594	1618	838	12.5159	7.0413
378	6287	2716	9659	7086	5636	55.4527	45.3666
379	7921	3371	6426	8964	3726	64.2387	29.9683
380	2842	2285	8142	9564	5976	68.2018	48.2568
381	1992	4180	7368	8489	5651	63.9796	48.6517
382	4937	8960	2113	1249	635	9.0786	5.5923
383	5314	3150	4482	2395	2059	18.6112	16.7549
384	511	2077	7902	8435	6161	65.9222	48.1484
385	2463	7923	3347	3007	1091	24.034	9.1157
386	4401	9772	6316	5549	4417	41.3378	36.6435
387	5987	3133	8366	7920	6752	58.3867	54.3877
388	2849	320	6591	9528	4132	71.0624	33.4098
389	4167	963	3754	2873	1899	22.013	16.1663
390	7897	2257	9215	9205	7019	69.3894	57.2419
391	9870	9775	6948	7043	4809	50.5883	39.1603
392	5220	1203	1162	389	185	3.0291	1.9431
393	6962	350	3821	2657	1998	20.3076	16.3468
394	3446	8216	10070	9391	6804	73.538	54.5645
395	2508	1347	6669	5446	4323	40.8049	34.1891
396	9995	1471	4413	4027	2149	33.1189	17.6478
397	1970	6040	10868	9706	7566	67.779	59.8384
398	7757	3303	6642	8140	4952	59.1951	38.2913
399	7002	2706	696	134	73	1.231	0.9928
400	6351	1428	8601	8304	6012	59.8566	46.6487
401	3693	975	7907	6495	3911	47.7839	33.792
402	2806	6412	7845	7339	6111	54.3008	47.9571
403	2183	2255	3352	1172	843	8.6364	9.7503
404	7064	8159	3895	4049	2149	33.1863	17.822
405	6971	61	4599	4093	2383	31.1227	21.174
406	7692	6385	1868	727	479	5.7775	4.7049
407	6515	1016	6143	5181	3974	40.9891	32.1574
408	8961	9766	7756	9171	5849	64.4222	47.2971
409	4789	4370	7380	7535	4140	53.492	34.4675
410	8859	6984	3222	1402	1198	11.048	9.8648
411	1602	8916	708	150	82	1.1619	1.1326
412	9688	7592	5390	3140	2592	23.7466	20.4421
413	5192	1900	2887	1021	822	8.6756	6.7628
414	4512	7711	4338	4860	1848	37.4093	14.9013
415	7495	1092	1780	866	500	6.8224	4.3593
416	2011	63	9664	8686	6883	63.0408	53.2865
417	1360	4976	2850	2079	1178	17.1118	10.0259
418	3628	5899	7632	6021	4772	44.0627	38.7745
419	9736	9332	7797	9449	5274	66.1223	44.1731
420	75	1199	8463	7736	6113	56.139	49.0526
421	1677	6975	3893	2917	1877	23.1121	16.6441
422	1489	3421	3458	3043	1763	24.6719	14.935
423	8256	664	7329	7333	6268	53.7321	50.3249
424	2076	3862	4563	3267	2627	23.9803	20.7948
425	3200	5876	5599	7111	3595	52.3982	28.5926
426	2082	738	2385	1429	872	11.2128	7.3983
427	5080	9985	3531	1929	1198	15.961	9.9323
428	6115	524	4988	6262	3203	45.8715	25.826
429	1262	1331	2952	2415	857	19.4414	7.4932
430	9111	6412	5571	5137	3509	37.6498	27.9879
431	5308	2520	4040	4503	2311	34.7556	19.4846
432	5110	866	5895	4642	4015	35.1526	33.185
433	8539	6393	10336	9296	6290	67.4143	49.6386
434	4166	8604	8717	9369	6741	66.0674	51.9153
435	7163	2863	6354	4458	3902	38.505	31.0082
436	6415	1540	2935	2166	1174	16.7256	9.9121
437	8928	5936	2093	630	519	4.7176	4.6386
438	4363	7785	3927	3644	2251	30.2621	26.4886
439	9927	6661	6667	6515	4614	53.6361	39.1743
440	4153	5433	6473	9026	4485	63.7698	36.7711
441	7638	6233	3761	1867	1571	14.4173	12.8952
442	1664	8920	146	6	8	0.0696	0.5369
443	6913	2448	4588	5390	2768	40.7453	22.7362
444	1680	1247	3964	2401	2010	18.4634	16.4969
445	1288	1057	6804	7126	5434	52.0726	43.2239
446	4213	8324	2308	1341	719	10.6059	6.0034
447	2382	6306	6724	8638	4868	61.9373	38.0138
448	7909	8081	6535	7325	3742	53.8272	29.7085
449	7428	7198	7612	8086	5676	59.2379	47.0517
450	8073	4212	3043	2102	1307	17.1351	10.5354
451	9988	2086	8018	6918	5941	49.579	49.3711
452	5624	2659	2796	2198	1139	16.8677	10.1496
453	1722	8609	3887	2160	1914	17.0439	15.7197
454	4110	9273	4607	3261	2099	25.795	17.4006
455	3292	3857	8484	8845	6457	68.0	52.0312
456	6955	7809	2128	1284	751	9.7852	6.634
457	3227	1316	6243	6083	3517	47.2176	28.2838
458	8552	5022	4438	5213	2493	39.1117	20.2126
459	1153	4771	10278	9208	7027	65.1564	54.451
460	213	6821	5087	6570	3532	48.8541	28.5536
461	2410	9819	9356	9475	5868	66.7852	45.1547
462	2254	8696	4016	4091	2241	33.3287	18.839
463	208	533	4535	5297	1717	39.4045	13.8497
464	796	2384	4889	3524	2992	27.7196	24.0669
465	4766	3380	8769	6652	5947	48.1346	48.5053
466	7511	5750	5086	6745	3653	49.4613	33.0809
467	8486	4731	8934	9187	6806	65.1778	55.6832
468	8649	8990	5636	4806	2367	38.0212	20.8669
469	6910	5240	1345	489	271	4.397	2.7993
470	6174	6528	7214	6939	5722	51.245	49.6343
471	9076	1953	4778	3076	2693	31.3466	26.8277
472	4232	9508	925	240	167	2.3958	2.2307
473	9427	602	4093	3359	1970	32.6695	22.263
474	3406	1962	7545	5303	4235	49.2869	41.2587
475	670	5856	4700	5225	2825	48.9152	45.5579
476	1748	915	5868	4845	4065	48.7136	34.6274
477	5385	484	8698	9648	6652	71.5463	52.7334
478	5014	6159	4065	1999	1725	14.8395	14.2151
479	1335	2615	2227	1260	776	11.4654	6.7149
480	2799	3508	6269	4985	3570	41.0367	28.8089
481	4957	9999	5054	4681	3523	36.3461	30.2679
482	7430	4407	3784	3974	1854	30.7464	15.0551
483	8277	1667	9062	7886	6590	58.4772	56.3369
484	119	3051	2848	2313	897	18.1067	7.9624
485	4448	6905	3848	2935	1946	22.9566	16.4772
486	3184	4931	9560	9550	5774	92.557	50.6196
487	2579	2313	5209	5644	3138	45.9929	26.8209
488	1090	6613	3610	2445	1686	20.6588	13.9684
489	1538	6286	4735	2914	2496	24.923	21.6886
490	3159	910	8350	8182	6314	65.1749	52.4891
491	330	8089	2026	853	546	7.1164	4.6868
492	6115	4796	1771	817	428	6.5887	5.5794
493	7	1361	6747	6485	5449	48.0879	44.7352
494	6002	6843	8392	8140	5888	64.2014	51.228
495	8198	4923	7418	6999	4645	56.5821	38.5344
496	3649	7775	4747	3976	3162	32.6063	25.884
497	2709	7185	1423	328	214	2.5613	2.4725
498	3513	6955	7487	7188	6181	55.1838	57.5417
499	3447	4834	9669	7959	5959	60.1802	47.5691
500	5990	5692	2894	1362	916	12.1599	8.3204
501	675	8695	2748	681	617	6.5025	5.9062
502	3879	1542	3989	4319	2220	34.1214	20.1962
503	4700	9693	9668	9413	5680	97.3474	77.1696
504	7854	8153	3560	3206	1390	36.7917	16.7696
505	5340	740	4221	4801	2503	42.3298	23.9491
506	6886	1758	8840	9691	5774	70.9757	50.7291
507	233	147	7274	6108	4353	50.7291	36.8924
508	3620	2244	8248	7729	4643	57.0025	42.2943
509	9945	9477	3525	3418	1585	33.8883	23.2346
510	7605	9313	7390	7391	5285	90.153	94.4624
511	3682	7316	5810	3675	3181	50.1205	38.5226
512	6519	6839	3876	3175	1840	27.9735	17.0802
513	538	3504	8728	8872	5334	68.7443	43.6182
514	4133	5718	4692	2936	2153	27.814	18.3481
515	9805	3004	4761	3009	2457	24.5244	22.0025
516	3546	2951	9201	9828	6565	71.8716	55.3631
517	5693	9302	6281	7111	5106	80.2072	70.1433
518	295	8108	5049	5193	3577	66.0787	45.2851
519	8436	8257	7752	6363	4639	64.7093	54.7847
520	3487	4530	4854	5276	2953	49.1884	26.4559
521	4933	353	8877	7352	6069	57.9031	51.1612
522	9167	5408	9989	8429	5950	62.326	47.8965
523	688	2050	7568	9007	5802	66.1909	47.4928
524	2651	6559	1232	403	190	3.3843	1.912
525	6228	3877	1998	1049	421	8.553	3.9441
526	8484	6581	2877	2295	1185	19.0914	10.1253
527	7118	7447	3254	2475	1114	19.0648	9.0076
528	2309	1199	1959	613	410	5.4765	3.705
529	7808	5792	9515	9087	6688	65.9636	52.9145
530	2333	3851	3520	1895	1303	16.1223	10.9959
531	1629	1653	4891	4223	2831	32.2947	23.0095
532	7591	9551	7300	5237	4296	40.4528	34.9256
533	8417	7195	5713	5157	3511	38.2008	29.5181
534	6228	7610	10443	9778	7154	69.1446	58.0865
535	782	3577	6512	6099	2796	45.8346	22.3716
536	8907	7189	8416	7912	6499	62.0828	51.4659
537	5473	5816	3375	3082	1578	24.1393	12.8453
538	6279	6614	4691	4327	3005	33.5879	24.2969
539	1698	1722	6622	9409	4281	68.6812	33.9319
540	4382	6081	5408	5566	3062	41.9992	24.818
541	9322	2644	4333	2246	1952	16.7602	16.4857
542	6545	5274	6133	5279	3007	39.3713	23.919
543	255	5385	5321	6377	3974	46.2771	34.0715
544	3663	2347	11584	9377	7400	66.1714	57.0167
545	1803	8116	4857	3638	1841	26.7445	16.3185
546	1813	9646	8585	9361	5890	65.1323	46.8396
547	6651	8897	566	91	47	0.5801	0.7601
548	4528	4665	7011	7790	6225	57.3324	51.9352
549	195	361	8959	8225	5950	65.1995	62.1698
550	9363	6980	5822	7180	4046	68.5888	38.7259
551	927	4201	10885	9815	7173	107.8658	75.4655
552	6340	3095	3971	2867	1987	27.2839	21.2747
553	2756	9870	8516	7761	6139	69.5178	57.2654
554	2704	9604	4072	4335	2352	36.3893	22.711
555	3380	6638	7095	9106	5317	69.4252	43.7186
556	4383	7342	3915	3109	2166	24.4775	17.4856
557	8928	70	11867	9558	7471	68.34	66.9973
558	6754	3781	7792	5051	4432	46.2654	40.9329
559	2313	1292	9066	8649	5835	83.5931	57.4194
560	8777	8751	4943	3301	2845	28.7775	26.0043
561	5743	1808	7362	7542	5788	61.8084	52.3739
562	7537	9669	4898	4423	1782	34.9613	14.8295
563	9114	2836	5539	5751	3611	42.5023	29.3447
564	3450	6903	1669	637	405	6.2708	3.6265
565	9879	4405	1795	846	359	6.7935	3.1849
566	7383	2413	3927	4235	2177	31.8115	18.0588
567	3978	2036	7610	8059	4680	58.7191	36.8663
568	207	7739	5126	3521	2750	27.8774	23.1407
569	9586	7718	9228	8279	5921	60.0586	49.1013
570	5072	3439	4668	6145	2618	44.8831	22.8496
571	9946	1444	6929	4681	4017	35.0332	35.6371
572	531	9307	8808	7856	4300	68.5686	34.3015
573	3307	4720	1360	529	270	4.5339	2.4881
574	874	9305	4625	5539	2983	41.4943	25.0082
575	4063	8373	1654	339	297	2.5716	3.749
576	7638	9520	7459	5567	4571	60.5836	39.0867
577	8960	25	4478	3958	2534	30.101	21.7584
578	7510	4562	7926	7415	6399	55.4267	51.6825
579	6495	4018	8545	7632	5217	54.7813	42.0829
580	9705	9807	7073	8832	4593	61.7941	37.3639
581	4625	1633	659	125	77	1.029	0.9355
582	1397	42	2094	1247	524	9.6297	4.809
583	8147	1360	5252	5048	3569	36.9247	30.0984
584	1472	1205	2139	1318	638	10.1995	6.3146
585	8863	5844	9014	7525	5552	55.8419	44.7289
586	5339	11	6464	8534	4778	61.3234	39.7053
587	23	3359	5586	4886	3488	36.5874	29.3364
588	4046	9018	7222	8063	5717	61.4187	46.501
589	3485	3173	4254	5059	2085	37.158	17.9128
590	158	2956	3802	3677	1990	31.7235	21.6198
591	8293	9000	11143	9602	7415	69.5328	56.7067
592	9819	4608	5069	2571	2241	20.3533	18.3318
593	4834	5266	4523	3595	1939	26.5469	16.2054
594	7415	170	1311	480	259	4.3635	2.5759
595	9821	5662	4804	3562	2369	27.7635	19.1253
596	2769	2915	2765	1265	882	9.8811	7.4981
597	3093	2020	5150	4551	2732	33.8873	22.1677
598	639	6366	4060	4119	2361	31.617	19.0451
599	8416	2991	6634	5539	3782	40.3491	31.1501
600	5274	3577	8450	6792	3694	48.9665	31.3702
601	879	3501	1506	608	333	4.5953	3.3282
602	1523	7324	3628	2033	1388	15.2999	11.5727
603	7839	3682	10273	9817	7216	69.0855	55.7833
604	2356	1041	5864	3533	3147	27.321	25.5579
605	9836	5481	587	98	55	0.9266	0.912
606	6449	9280	7300	8617	6156	65.0145	48.4149
607	8352	7737	2522	1183	757	9.0116	6.7179
608	236	4597	7068	6818	5289	50.2449	44.0684
609	889	8591	6594	8381	4919	61.9096	38.9474
610	8312	6608	8620	8250	6453	59.3421	52.6095
611	3065	2654	7875	8637	6415	61.0497	51.8976
612	2950	3337	4631	5851	2456	43.0976	21.1266
613	8023	8800	1782	894	475	6.617	4.3902
614	1787	8638	10047	9802	7095	68.7304	55.6225
615	5539	4391	1736	541	341	4.1914	3.7751
616	5683	7995	8635	8367	6736	59.9575	52.0263
617	854	9892	5515	7433	3502	54.0369	27.4019
618	5806	5413	5333	6794	3802	50.2646	30.3336
619	3575	6963	9011	8377	6777	63.6013	52.7991
620	1448	5475	1736	820	441	6.228	4.0934
621	3530	897	8321	6325	5454	48.5693	45.8187
622	6231	2889	7314	8162	5972	60.569	55.9214
623	4020	1323	2704	1487	1030	11.2703	9.1837
624	6461	3362	10140	9082	7077	66.0164	54.749
625	1241	981	2822	2155	805	16.3307	6.6414
626	7069	6425	3590	1719	1472	14.9219	11.9481
627	7894	2884	4263	4924	2150	36.0561	17.1505
628	5099	9252	8047	6964	4841	51.3153	37.4927
629	2971	537	2583	1830	962	13.5259	8.5762
630	364	3246	6175	6337	3832	47.1735	30.1062
631	5056	1274	7794	8382	5335	62.4716	41.1611
632	1021	4000	2209	1294	499	11.2278	4.573
633	1624	4030	5765	5296	3757	38.8504	29.6578
634	5711	5659	5871	4815	3502	36.1197	30.5674
635	9859	7204	8931	8499	5337	61.7832	42.0697
636	9103	6244	7851	6767	4658	51.6376	37.0683
637	5773	8145	7907	9228	5661	66.2037	44.3329
638	2020	9532	7530	6360	4349	46.7429	34.1899
639	9108	7316	3665	3431	1861	25.6882	16.4837
640	4818	8427	10493	8877	7060	62.358	55.4929
641	1207	6392	7072	7910	4560	57.0116	36.0071
642	1739	8825	3238	2113	1433	16.0857	11.6449
643	329	8181	8374	6329	4599	47.528	35.1577
644	213	3913	2795	2211	1074	16.9448	8.9541
645	4901	1475	8180	8667	6446	65.441	52.494
646	5943	8514	7984	7082	6109	50.2664	49.5378
647	6236	9741	4577	4525	2999	35.7957	24.8007
648	8077	9338	1915	1010	540	7.5113	4.9174
649	1161	5694	1393	522	268	5.6384	2.4876
650	7115	4625	6903	8700	5471	64.9163	57.245
651	6614	3626	5453	6578	3529	51.3305	30.2322
652	4093	7016	1439	482	311	3.9416	2.8201
653	4616	299	1212	477	263	3.628	2.4365
654	477	6957	4131	4741	2413	34.9504	20.4664
655	1796	9687	1735	832	423	6.4854	3.8774
656	7214	9748	2160	378	271	2.9725	2.7738
657	1429	474	4488	3534	2332	28.0596	18.8301
658	6965	6627	1245	398	257	3.4697	2.6345
659	8166	3126	1284	462	223	3.8704	2.3059
660	7816	3466	4576	5481	2928	41.553	28.4561
661	3513	1875	4935	3919	2544	36.0636	26.3484
662	1198	5501	10629	9848	7099	90.4039	69.2587
663	8314	9796	1009	267	135	2.7871	2.4298
664	7830	4895	7919	7050	4997	72.6099	55.0613
665	2414	8	5940	4608	3678	37.3551	29.6561
666	1284	4941	5667	4901	3555	37.8891	28.3543
667	7589	3337	6294	8530	4032	65.6712	32.6786
668	4246	1044	2594	1217	779	9.2786	7.0271
669	1438	7045	3152	1835	1235	14.1876	10.1274
670	8805	3872	7404	7981	5774	64.6755	54.9879
671	3994	3079	5912	4939	3074	44.4508	30.5751
672	9462	1586	6734	8376	4634	66.385	36.4325
673	1592	4770	9145	8777	7004	63.5175	55.7402
674	1504	3884	5182	7558	2942	55.0722	22.9883
675	5712	7097	1383	512	293	5.252	2.8518
676	5160	5148	6180	6127	4253	43.9806	33.9448
677	6555	3117	5352	4274	2654	32.649	21.4888
678	5704	8756	9825	8595	7124	61.6814	55.743
679	7615	9507	3852	2987	2082	23.8419	16.8262
680	6414	8898	10227	9460	6971	66.6317	59.9365
681	8105	3121	2664	1853	1056	13.8316	9.3162
682	3744	7873	7325	6649	5407	57.6069	60.4598
683	9571	6390	1920	1030	573	11.1037	5.9574
684	5198	9450	9788	9770	7043	81.8815	64.6636
685	7717	8019	6119	7264	3962	54.0556	33.5766
686	7744	584	9473	9590	5847	67.1062	49.3654
687	7079	8618	6710	6352	3772	47.4166	31.8054
688	9390	103	6200	6292	4885	46.5105	40.897
689	9060	5617	3797	4046	1798	32.6609	16.8936
690	494	7048	3087	2664	1348	24.3472	13.5213
691	2123	1379	6588	5834	3132	44.5497	25.0541
692	9096	5780	3708	3305	1750	26.5423	14.4208
693	7279	6435	2199	1322	691	10.6124	5.8169
694	7222	2234	3461	2659	1530	20.2213	12.5853
695	5487	558	2992	2422	1327	19.3016	16.3672
696	2183	2487	4544	1945	1754	15.1877	14.9457
697	2319	9740	7752	5144	4509	38.2675	39.5268
698	9874	6721	1990	1120	543	9.4973	6.0034
699	1653	3154	5558	5974	4192	56.5814	44.4694
700	6120	3568	3663	3568	1819	35.5766	19.1067
701	512	7864	5502	5614	4232	47.4696	38.209
702	4738	1257	4141	3102	2209	25.9198	19.8219
703	3969	130	6343	8448	4808	68.903	42.5968
704	4682	4057	6270	6421	4199	53.9393	36.7806
705	622	3005	6197	5015	4016	41.1074	35.5164
706	5125	8682	7611	6991	5279	63.5818	53.381
707	4220	440	8885	6351	5607	50.8279	57.6008
708	6653	5093	3288	1555	1148	16.2451	12.6312
709	9642	6300	5755	3307	2951	34.1985	26.2663
710	5853	6116	9641	8952	7263	82.3282	82.4503
711	8061	1609	2475	1646	818	18.9932	11.6372
712	3430	5506	6711	5284	4656	51.555	55.33
713	9749	3406	7477	6779	4133	71.5365	47.091
714	7871	9074	3627	2574	1513	25.7443	16.9811
715	5294	2324	6763	6556	4213	65.665	40.0729
716	8841	5721	7879	7784	5964	75.6792	62.1534
717	6482	5208	5710	7615	4368	71.2323	42.5053
718	4640	6089	4990	2947	2497	29.3607	25.9897
719	1084	4628	6174	5112	4456	48.6731	47.2466
720	2269	267	2286	1474	690	12.1435	5.9412
721	232	3321	7739	5654	4553	44.7217	48.2165
722	5288	8375	2989	2344	1138	24.999	14.6158
723	4790	2043	2330	1405	783	16.2656	9.1581
724	859	3955	7384	8983	5496	84.8776	59.3537
725	2126	7545	991	191	157	2.0034	2.511
726	3922	8918	5953	4075	2745	43.8297	29.5575
727	6957	4935	7906	8380	6350	78.1381	68.3639
728	8559	9880	4981	3493	2810	35.3599	31.9771
729	3613	634	2819	2191	1112	21.6176	12.7464
730	3722	824	4818	3304	2883	32.0377	30.8219
731	4435	4751	3842	2129	1446	19.0559	16.159
732	6773	9337	9880	9859	6779	79.6825	60.1586
733	2737	1592	3224	2888	1397	24.655	12.8746
734	7757	6042	6562	7987	4524	67.5649	46.6477
735	4060	9684	3974	4468	2187	36.443	18.0195
736	9340	9473	1116	331	189	2.5178	1.9796
737	7976	4746	6907	7247	4336	54.5689	36.4047
738	5164	7955	3744	3989	1867	30.5202	15.4635
739	4431	466	5009	2299	2055	19.347	17.0836
740	1750	4722	9724	9850	6557	69.5998	50.9201
741	7424	2560	4029	2129	1729	15.8946	14.186
742	6008	3891	7297	6635	4400	48.8617	35.3432
743	8036	4526	4285	3168	1786	24.4055	14.4822
744	3253	3339	1238	452	227	3.7442	2.4104
745	1244	9556	7621	8379	5212	58.8811	42.64
746	6503	2694	4275	4083	2576	30.3133	21.1269
747	6407	743	6669	5109	4303	38.7134	33.6568
748	6160	5876	3798	2405	1571	17.9249	14.4964
749	4448	539	6260	6238	3548	44.874	28.303
750	1917	9265	7529	9095	5812	64.8507	47.3157
751	7827	5878	5753	6885	3884	53.4012	30.4168
752	9419	8863	3483	3189	1370	26.0198	11.2529
753	4080	1955	5060	3445	3077	25.5493	27.4606
754	1668	2145	10871	9698	7386	69.9702	59.0436
755	5224	4896	1334	309	215	2.0093	2.0923
756	5330	4598	4571	5105	2893	37.7621	23.4319
757	7092	1285	5879	4640	3788	36.0297	31.2791
758	5540	2737	3489	1951	1345	14.8208	10.7324
759	7446	3808	1550	658	385	5.563	4.8146
760	238	4385	4797	3043	2249	23.2295	18.0514
761	2807	1489	6140	6072	4973	43.8384	40.2157
762	970	4882	4972	4471	3079	33.4979	25.6714
763	9247	3199	6180	9145	3580	65.4718	30.1089
764	9965	1087	5029	4800	3153	35.2331	24.7627
765	2003	9414	3816	3492	2162	26.5392	19.0746
766	9989	65	4493	3215	2700	24.0913	21.4702
767	3144	6142	9746	8876	6872	63.9065	55.7613
768	3838	265	5330	3818	3347	30.1375	26.5089
769	8741	2649	5658	8620	3275	63.9685	27.8804
770	5012	1638	4495	3326	1869	24.8012	16.0345
771	3495	9304	9574	8546	6566	61.6332	61.1224
772	418	7476	4196	3126	2081	24.698	16.9039
773	5711	442	7091	6237	3894	46.3463	30.3469
774	8009	5361	5466	4985	3043	36.936	26.6748
775	9494	6595	8564	8274	6629	58.3841	52.4414
776	8604	1117	9028	8209	5321	59.6747	44.247
777	4160	645	8809	9916	5852	69.569	45.7318
778	4120	7853	4303	3371	2484	25.0191	21.3971
779	8046	429	6431	5476	4126	40.1866	32.1838
780	2321	9708	5037	5553	3462	43.8251	28.6322
781	8573	4124	2704	2005	1008	15.6123	8.4666
782	7768	1455	3277	2956	1540	23.3939	12.8007
783	317	176	1562	658	366	4.9628	3.2602
784	9097	6083	5294	4511	3420	33.9937	31.0974
785	652	9615	6096	6491	4885	47.4412	40.3207
786	4832	6198	6362	8632	4768	62.3497	41.4409
787	7920	8192	2959	1722	1133	13.3215	9.5081
788	3451	6206	4548	4605	2722	34.6554	22.1494
789	7315	1814	8917	7814	6288	57.7935	50.3558
790	1563	8714	6627	9517	3598	66.323	29.6951
791	1688	4137	5978	3820	3321	28.4781	26.6962
792	9380	6835	4842	5812	2492	43.3588	20.1431
793	5437	5826	6695	6887	5465	50.179	44.8977
794	6468	3022	8799	6101	5124	44.0096	41.5074
795	5817	1411	4740	4168	2672	31.2977	23.1841
796	896	7873	4361	3320	2604	27.0454	22.5293
797	9924	2961	3624	3764	1366	28.2444	11.1842
798	9210	4719	7155	9316	5226	74.3666	44.8961
799	9254	8592	8144	8493	6149	60.1015	49.2325
800	9615	4546	3301	2913	1300	21.8862	10.6073
801	3095	5689	4580	3293	2466	25.16	21.144
802	6540	5716	3468	3348	1502	26.411	13.8881
803	8598	3930	6155	4802	3795	35.8866	31.4381
804	5761	8634	5796	5423	2883	40.0837	22.9464
805	1334	7162	6073	3428	3097	27.366	24.7437
806	7870	846	5842	4710	3460	34.6379	29.5562
807	2546	5271	6882	7503	5033	55.0272	41.2917
808	8090	9511	3409	1990	1342	15.1573	11.3699
809	3888	398	2070	915	634	6.8566	5.7547
810	7986	9703	6198	4987	3395	36.6995	28.1866
811	7043	4135	5651	7948	3657	56.371	30.1395
812	7246	5713	7024	7831	5620	59.6432	49.1342
813	1931	3290	4195	3555	2045	27.7638	16.742
814	143	2548	8718	8274	5225	64.1271	42.0857
815	8600	3761	2871	1384	1062	11.8248	11.6441
816	6501	681	7204	7679	5123	55.9206	41.721
817	6988	5068	6264	5385	3518	39.2956	27.3406
818	9725	1989	895	212	133	1.863	1.4989
819	5134	9979	7624	8357	5948	60.524	47.6181
820	6920	5947	4470	5595	2819	40.625	23.2923
821	3498	3020	3831	3979	2067	30.8431	16.6361
822	5894	5809	4843	4541	2779	33.6548	22.8223
823	213	5505	4155	4667	1695	35.5474	13.9512
824	1537	4381	5568	3324	2985	25.0746	23.5962
825	3391	5053	2270	984	511	7.2484	4.6671
826	7127	877	7619	5076	3810	37.8378	30.0095
827	3985	9211	5409	4438	2975	33.7997	23.5629
828	4143	3072	7694	6495	5441	48.5406	45.5079
829	3046	1018	6084	6988	4068	52.4581	33.5418
830	4860	5683	4155	3595	2087	28.8993	18.287
831	4838	5113	8507	8404	6577	62.9271	51.0117
832	5103	8620	3275	2197	1475	17.9516	12.2788
833	4190	219	3124	2402	1234	19.1808	10.5476
834	2182	1405	5906	4257	3657	35.1085	32.1137
835	1083	7463	3054	2582	1262	19.9937	10.4933
836	2451	2085	7238	9729	4735	68.8574	38.388
837	2612	4832	3153	2755	1370	20.6204	13.438
838	3112	2025	6232	4314	2616	32.1741	20.9713
839	7512	8251	9412	8695	6729	61.8354	52.135
840	4414	3114	6406	8147	3139	58.9594	24.7876
841	2556	6962	5538	4026	3253	31.3626	25.8871
842	1669	5363	3676	3291	1370	24.6129	11.2332
843	135	6692	6816	5997	5083	44.4578	44.3539
844	8998	1906	6319	5089	4191	39.6928	32.8427
845	6361	9270	6052	7223	4643	53.1492	39.4446
846	1060	6640	5495	4309	3035	32.5296	26.4402
847	5893	1947	767	177	82	1.3956	1.0305
848	5185	5039	2491	1001	694	7.7619	5.9561
849	4112	6091	6713	4228	3801	31.5082	30.3002
850	4108	8223	5107	7021	3134	52.434	25.2323
851	1058	8563	3031	2511	1284	20.2806	10.8399
852	5719	876	7385	9560	4841	71.4577	38.9666
853	3241	1080	9741	8620	4928	60.2375	40.443
854	5175	8648	1564	692	369	5.2355	3.3261
855	492	2169	4655	4896	2342	36.245	19.1998
856	7430	3393	4962	6576	3207	48.5855	25.8123
857	5165	4561	2246	1384	717	10.8495	6.0592
858	3602	1502	5946	5185	4511	39.1017	35.6331
859	1016	3318	2990	2471	1241	19.4489	11.594
860	3448	7067	8816	9720	6434	66.8307	53.7822
861	9192	2545	6217	7667	4455	55.1508	36.3293
862	3211	9646	2333	1535	583	11.8776	4.9548
863	9289	698	1398	541	292	5.8014	3.1647
864	9758	2038	5194	5450	3550	42.3044	28.9159
865	4248	4511	6658	7714	5046	54.8673	41.3421
866	754	8768	6771	7792	5669	57.0478	44.5552
867	1494	9616	5961	6262	3949	46.0003	31.4332
868	1480	2469	9715	8611	6946	61.2723	53.7007
869	4251	6651	3908	4136	2088	30.8192	18.3712
870	3832	6355	1460	576	296	4.7733	2.7799
871	9768	7263	2675	1104	802	8.1307	7.1406
872	666	2373	6907	5864	5155	43.2439	41.7713
873	965	6015	1640	726	360	5.8598	3.2732
874	5826	8066	2055	1144	580	9.0132	4.9087
875	6729	3221	1867	954	447	7.4542	3.9472
876	8089	8496	843	180	122	1.4234	1.3344
877	9687	9264	5477	5709	3898	43.5507	32.2693
878	8854	498	9009	7246	5172	53.5681	40.1583
879	1157	7963	5812	4484	4038	35.0686	34.4972
880	187	6693	1564	706	349	5.6832	3.1602
881	7640	1291	9472	9173	6957	63.5861	58.2307
882	4300	9043	7854	6931	5209	52.6195	41.1269
883	7724	4693	9318	7449	4563	54.3505	35.5539
884	2794	9250	6097	6058	4236	45.1922	33.4152
885	5040	7114	6971	7066	5010	50.2035	41.2252
886	9774	3549	3794	3964	1866	29.7479	15.0464
887	3598	6833	5116	5240	3160	40.0456	25.158
888	4817	5020	8964	8759	6820	63.0818	52.8911
889	3255	1423	4775	3569	2466	27.7748	19.7331
890	2887	3154	6260	5845	4413	42.9556	36.2765
891	4413	5413	5869	6441	4474	46.5662	36.6962
892	1485	2611	3838	4077	1839	34.1464	15.5232
893	7306	613	7636	6195	5371	46.4372	41.6786
894	5080	8976	4173	2440	2079	18.9089	18.3915
895	7918	2434	7762	7565	6185	56.572	50.2446
896	4540	2753	7765	9366	4678	65.338	38.3713
897	6982	1636	2335	1484	851	11.7668	7.6498
898	6894	9485	5302	4851	3321	35.5411	28.4484
899	9175	2517	6356	6185	4635	46.3726	37.225
900	2177	1065	6327	5304	4607	40.2144	36.0292
901	443	2251	5093	5072	3505	38.6452	27.7646
902	1852	1323	4471	4136	2605	30.9664	21.1209
903	8210	8306	1897	988	489	9.1094	4.4823
904	7645	89	8571	8391	6399	58.4409	50.8359
905	6969	1413	3585	3432	1846	25.4013	14.8809
906	3543	9379	8801	8904	6640	64.6895	55.0831
907	9880	6361	2096	1272	641	10.5365	5.4757
908	9047	6874	7358	9693	3780	68.0819	31.5132
909	197	3191	1250	453	247	2.9433	2.3974
910	661	8347	6940	8691	3922	65.2853	31.6067
911	5287	5427	3876	2703	1881	21.2233	15.4047
912	6677	764	9911	9554	6876	67.3516	55.1527
913	5653	5677	11611	9617	7371	66.7663	58.6283
914	5612	1378	7076	7111	5827	52.27	45.5376
915	7356	2916	1954	1006	497	8.3731	4.3506
916	8000	861	5785	3945	3454	30.5437	27.3864
917	4143	2386	423	48	49	0.3606	0.6992
918	281	8433	9110	8828	5473	62.8505	42.2998
919	4473	872	7002	6257	4018	46.4666	32.0423
920	1156	9921	1448	583	372	4.7753	3.4767
921	702	5014	11160	9778	7248	68.391	56.7025
922	2758	6089	4213	4631	2446	37.4582	20.1579
923	5519	9479	9068	7572	6653	55.0016	54.3683
924	524	2856	8098	8491	6594	61.6866	51.8934
925	6573	3607	1182	392	201	3.2632	1.9704
926	8353	2968	3513	1735	1441	17.3525	16.9135
927	5364	2898	6977	6211	4939	46.8266	39.9633
928	5066	3180	6708	4127	3613	30.1524	29.1934
929	921	9483	6658	5665	4482	42.4551	37.1728
930	475	5942	1038	178	120	1.1953	1.5741
931	2783	3925	8847	9004	4609	63.7229	36.4439
932	9724	4226	8225	8747	4782	63.6572	40.2396
933	770	4770	9769	8860	6932	63.2209	55.164
934	9030	8802	2573	1637	870	12.7107	7.2936
935	6390	4565	2364	1265	811	9.6965	6.9834
936	9272	9766	8291	9157	6286	64.9342	52.5118
937	186	9318	5904	6650	3879	49.9322	30.8989
938	5654	8823	7212	4009	3622	29.7812	33.2403
939	4534	2530	10192	9055	7121	65.1936	57.3253
940	7488	2225	1941	1045	552	8.2598	4.8451
941	8388	3931	5583	8024	3214	59.3631	25.4899
942	8385	3915	3421	2035	1351	15.4168	11.2864
943	1867	771	7056	8618	5619	62.471	49.1141
944	2206	8708	5260	6631	3017	48.0687	24.6649
945	3013	6193	7669	5956	4273	44.7706	33.4186
946	4382	7660	3806	3118	2001	23.4882	17.9655
947	8339	1118	6121	4505	3974	33.5107	31.267
948	2841	2876	6904	7071	4980	51.5302	39.5406
949	5671	2783	7207	7506	5296	56.3304	41.6706
950	3033	1619	3245	1770	1272	13.4196	12.7794
951	6766	879	2977	1378	1029	11.9111	8.2637
952	9997	7406	9451	9362	6138	67.5215	47.3488
953	3952	4775	504	75	42	0.6215	0.7036
954	9837	2162	6878	6548	5376	52.5956	42.4734
955	6048	5341	4304	5139	2579	38.2218	22.7401
956	375	7721	7367	7173	5836	50.8243	46.9753
957	9023	5575	10263	9767	7155	69.2608	55.1587
958	232	3527	9215	7676	6185	55.0329	48.4549
959	8157	2570	1136	367	172	2.8859	1.7764
960	262	6232	877	199	84	1.8391	1.0377
961	9183	868	2853	2045	1146	16.8366	9.2129
962	6922	3113	3120	2680	1397	20.2481	11.9153
963	764	4881	7214	5586	4799	42.0069	38.8226
964	6299	9327	3279	1625	971	12.0329	8.0352
965	545	4366	8345	7891	6430	58.8865	50.0972
966	2821	4903	3690	3750	1918	28.8581	16.1114
967	1989	5640	7533	8981	4797	64.8167	40.4149
968	7145	9339	4865	2275	2017	17.3092	16.2071
969	7606	528	11392	9860	7414	71.5673	60.2485
970	5198	9806	4582	3900	2208	29.3809	18.0584
971	2082	6509	9676	9937	6288	69.6809	48.6641
972	7157	7989	3754	3421	2065	26.2922	16.6741
973	3266	7662	8468	8062	6558	58.6599	50.8586
974	6522	8929	2920	2354	1174	17.9734	10.093
975	3297	5771	5447	4946	2336	37.31	18.896
976	4470	1629	7727	8293	6035	58.8141	47.1722
977	1882	870	4888	6737	2910	53.908	23.2746
978	2929	3104	5373	3203	2756	23.5956	22.2192
979	4799	868	6287	3686	3275	28.1621	26.1613
980	8821	4704	9271	9708	6282	68.3939	51.7135
981	4998	7730	5136	6898	3514	51.3645	27.9616
982	5727	5316	6467	5394	4535	41.3386	38.6118
983	4926	9765	6578	6969	3816	52.4117	30.5442
984	7358	9283	9247	7362	6164	52.7285	49.5114
985	8527	9826	4020	1838	1559	14.2773	12.775
986	3981	8046	9569	8298	6023	59.9641	47.5822
987	9855	1351	4351	4705	2736	37.3815	22.415
988	877	2807	5838	4291	3723	32.0675	31.0334
989	4945	1956	9697	9727	6309	67.1268	51.1642
990	6987	1757	4228	4414	2192	33.4486	19.0249
991	4536	5993	5325	6435	3877	46.6605	30.6928
992	7346	5909	950	129	94	1.0926	1.2326
993	9098	3614	2872	2282	1149	18.4568	9.5702
994	3033	4886	6783	6203	3693	45.0937	30.7686
995	4640	9209	7145	5356	4551	42.3347	36.6665
996	4877	4081	4302	5160	2066	39.5774	16.4344
997	3945	9007	5301	4095	2911	31.8276	24.4703
998	9113	6972	1569	681	336	6.928	3.0884
999	589	522	7150	7504	5543	54.8519	45.0739
1000	7777	1353	2887	2291	1150	18.0374	9.5012