source;target;Dijkstra time;Dijkstra iteration;Dijkstra path weight;Dijkstra path lengthBidirectional Dijkstra time;Bidirectional Dijkstra iteration;Bidirectional Dijkstra path weight;Bidirectional Dijkstra path length
7611;5959;87;5893;7292;67;56;5072;7292;67
5024;9036;27;3262;5711;52;25;2686;5711;52
1569;5469;46;7600;7680;66;55;6227;7680;66
3363;7911;5;199;987;10;3;122;987;10
6946;4726;16;3128;4360;38;21;2165;4360;38
9083;3706;38;6392;8426;72;32;5560;8426;72
8743;8774;27;7973;8903;79;26;5651;8903;79
190;2756;4;1020;2208;20;4;700;2208;20
245;2721;34;7829;8948;50;18;3994;8948;50
8293;1964;20;8974;10042;85;29;6402;10042;85
747;7460;11;2699;4306;37;6;1663;4306;37
5319;3339;8;2534;3352;31;6;1583;3352;31
5336;8974;4;1141;3713;16;4;918;3713;19
9332;7544;17;5510;7409;66;29;4457;7409;66
8489;2014;29;8998;8951;75;35;6739;8951;75
1287;7167;2;693;1611;17;1;353;1611;17
9440;7626;18;6001;5405;48;18;4122;5405;49
1887;7245;20;4409;6138;54;14;3684;6138;54
1904;9033;9;3136;4973;47;13;2336;4973;47
7511;5946;21;7797;5641;52;11;3008;5641;52
3013;2078;0;128;652;8;0;61;652;8
4432;8739;6;1920;4201;43;5;1658;4201;43
2129;4673;2;281;1015;12;1;167;1015;12
3136;6818;17;6341;4738;43;12;3075;4738;43
4896;2427;9;2654;5044;53;8;2182;5044;53
8660;4125;20;9199;9394;86;20;6315;9394;86
5309;1503;18;6782;7575;64;22;5685;7575;64
7857;5384;16;5875;6924;65;15;4620;6924;65
1517;8176;21;9726;12235;112;28;7556;12235;112
1208;7160;19;7906;6984;66;22;4947;6984;66
5097;6722;20;6969;7327;68;19;5028;7327;68
888;806;21;7615;6980;67;22;5964;6980;67
9370;609;4;829;1722;18;4;427;1722;18
9038;6027;19;6156;6017;55;20;4379;6017;55
8173;3960;12;2845;3172;31;7;1406;3172;31
4199;6990;22;8452;9693;94;32;6711;9693;94
742;2895;24;7846;9510;86;27;6235;9510;86
8358;6407;2;547;1388;11;2;250;1388;11
5568;9476;27;7132;6221;55;22;4908;6221;55
224;351;25;6497;5143;44;18;3495;5143;44
6386;3108;17;3483;3744;33;10;1626;3744;33
132;1863;22;5168;5939;53;24;3944;5939;53
4446;6614;9;989;2009;17;5;542;2009;17
1129;3409;23;5515;5903;50;21;4546;5903;50
3587;1429;31;8765;9935;90;32;7157;9935;90
6080;7022;1;254;1354;15;1;189;1354;15
3090;9736;19;6523;8758;72;21;5752;8758;72
4777;6549;17;4536;5422;47;14;3132;5422;47
1901;6016;17;6368;7348;66;22;4866;7348;66
193;3821;7;1851;2729;31;5;1088;2729;31
9643;7677;17;4635;4844;43;18;2306;4844;43
8632;567;25;5129;5164;47;17;3771;5164;47
9097;5517;3;778;1641;15;9;362;1641;15
8481;8619;30;7601;8621;81;20;5838;8621;81
90;7970;12;3104;3352;31;8;1533;3352;31
8210;3566;21;9119;6155;65;14;3963;6155;65
2927;4559;7;2011;3883;39;6;1828;3883;39
2811;2317;16;6056;6050;56;18;4160;6050;56
3842;79;34;8739;9397;82;27;6905;9397;82
7524;1560;2;532;1346;13;2;295;1346;13
6876;3618;23;9876;12451;113;26;7522;12451;113
6863;9566;16;5991;4619;37;11;2420;4619;37
9415;5604;1;144;921;8;1;89;921;8
5613;9360;11;3782;3813;30;7;1651;3813;30
7037;9420;3;984;2897;27;3;804;2897;27
2717;3061;10;2822;3207;32;7;1512;3207;32
8319;3278;18;5785;6446;54;14;4367;6446;54
2062;3466;15;5512;6399;60;16;4658;6399;60
4994;3277;22;8786;8579;88;24;6776;8579;88
2149;4707;8;2358;3408;36;5;1465;3408;36
5059;8945;16;5974;5294;49;10;3130;5294;49
410;3811;5;1384;2225;24;4;726;2225;24
8139;7328;16;6624;5716;56;15;4135;5716;56
3181;1332;18;6871;7093;65;15;4389;7093;65
8078;5453;16;6246;6648;64;14;3613;6648;64
310;2115;7;1984;2696;26;4;997;2696;26
1406;2762;2;698;1590;15;2;349;1590;15
1770;4571;19;4017;5372;51;16;3474;5372;51
4060;970;9;2504;2988;33;4;1209;2988;33
9753;1788;18;4742;5562;49;11;2816;5562;49
1822;3800;18;6493;7170;57;15;4327;7170;57
8565;9560;19;6220;7099;56;15;4319;7099;56
6508;2462;6;1988;3418;34;8;1395;3418;34
557;9066;18;4535;5487;54;13;3542;5487;54
2805;7363;19;7983;8642;70;21;6647;8642;70
151;4579;14;4619;7156;66;15;4020;7156;66
846;5731;16;5337;4384;48;10;2640;4384;48
5228;178;11;3840;3805;31;9;2062;3805;31
1002;7868;6;1394;2489;22;4;907;2489;22
7500;7695;8;2819;4415;41;8;1937;4415;41
4598;4899;19;7706;6360;58;12;3639;6360;58
2803;5877;21;9491;7912;75;21;6080;7912;75
8411;1025;18;6995;7377;67;15;4547;7377;63
3604;2234;14;4944;5466;53;12;3455;5466;53
3270;6798;11;3496;3990;38;9;2239;3990;38
3905;4572;16;6053;7168;63;18;5078;7168;63
4164;4312;8;2357;3953;38;7;1622;3953;38
3821;1593;0;23;230;4;1;14;230;4
8055;4544;25;9635;7358;66;17;5001;7358;66
2600;2443;15;5647;6337;52;17;4901;6337;52
6070;545;22;9371;9701;86;23;7145;9701;86
5162;1822;17;5677;5127;51;11;2811;5127;51
9680;1726;21;9578;9433;83;23;6574;9433;83
9099;3743;20;8989;7486;73;19;5307;7486;73
4417;198;2;951;1968;17;4;541;1968;17
7278;6243;5;1258;2103;24;3;628;2103;24
3069;1207;3;606;1440;14;2;298;1440;14
7150;6562;23;6935;7214;71;20;5661;7214;71
7289;6684;16;4203;4768;41;10;3160;4768;41
113;1694;18;7554;5362;48;14;3767;5362;48
7129;6484;1;152;739;8;0;94;739;8
9689;2980;6;1970;2669;32;4;717;2669;32
6052;3185;10;3663;5183;54;11;2708;5183;54
4617;8893;16;6986;5746;50;14;3681;5746;50
7635;7817;20;9773;11334;99;24;7420;11334;99
997;3073;1;555;1558;17;1;363;1558;17
537;9261;19;6345;4771;35;9;2353;4771;34
7698;2105;19;6613;8698;44;16;3896;8698;44
2845;6612;3;745;2031;26;4;489;2031;26
9068;927;20;7960;5366;56;10;2861;5366;56
2306;9427;18;7910;6736;61;19;5323;6736;61
2166;2724;2;650;1495;16;2;341;1495;16
8311;235;4;1172;3666;35;4;1020;3666;35
220;1806;4;1466;2295;24;4;779;2295;24
186;5359;14;5180;4836;43;11;3347;4836;43
1813;236;7;2562;3330;29;7;1566;3330;29
9944;7216;13;4667;5284;49;13;3466;5284;49
6165;9880;6;1951;2655;25;4;1038;2655;25
5536;7383;13;4349;4771;44;12;3220;4771;44
8814;5128;18;8290;8446;78;23;5930;8446;78
1957;8606;19;7659;6013;52;11;3308;6013;52
6310;9664;12;4567;5382;50;11;3177;5382;50
9538;5739;18;8561;8796;76;19;5495;8796;76
8563;5047;4;1618;2416;23;3;783;2416;23
7815;5674;20;8659;9482;90;17;5713;9482;90
8835;8964;20;8984;8203;79;19;6200;8203;79
4514;6374;2;443;1302;16;1;256;1302;16
6697;2118;3;1026;2271;22;3;659;2271;22
6041;4932;6;1958;2651;22;5;1021;2651;22
5585;8157;16;6335;8485;76;20;5471;8485;76
8084;8557;16;4979;6155;52;14;4132;6155;52
997;6872;14;4970;6850;54;16;4387;6850;54
5128;9237;19;8619;8943;91;21;6892;8943;91
2024;892;16;4768;4325;40;10;2573;4325;40
1757;9100;16;5545;6506;59;15;4571;6506;59
6895;285;19;8635;8083;77;20;6650;8083;77
4433;1041;14;4661;4690;41;10;3106;4690;41
2848;4348;11;4140;5119;40;13;3058;5119;40
4213;238;3;701;1624;16;1;296;1624;16
7042;5037;16;6141;5544;50;15;4358;5544;50
1749;4276;7;1437;3140;32;5;995;3140;29
6324;2612;10;2615;3132;26;6;1459;3132;26
245;4868;4;1005;2335;23;3;689;2335;23
2681;3180;15;5421;6919;62;15;4730;6919;62
5703;3430;20;9132;9775;95;21;6791;9775;95
1537;932;7;2651;4816;50;8;2354;4816;50
9801;2298;20;9133;8936;73;21;7043;8936;74
9028;9558;9;2814;4213;40;6;1600;4213;40
8156;5529;7;2371;4813;43;8;2039;4813;43
7639;8980;19;5515;5757;55;12;3721;5757;55
3199;1862;16;5554;7344;64;14;4704;7344;64
8624;3713;13;4200;4314;42;10;1916;4314;42
6345;7239;20;7536;6862;67;17;5297;6862;67
6998;8186;6;1916;3967;35;6;1708;3967;35
2422;6986;2;399;1183;13;1;193;1183;13
994;7407;19;6882;7869;74;19;5206;7869;74
441;2982;9;3323;5098;11;7;2024;5098;12
946;3906;7;2632;3271;29;5;1532;3271;29
3759;5551;19;7472;8478;78;20;5795;8478;78
1804;7387;4;985;2443;21;7;713;2443;21
9764;1413;6;1953;3086;32;4;1263;3086;32
8976;2517;16;5914;5572;49;13;3978;5572;49
1679;3994;12;3672;3880;38;6;1661;3880;38
6582;3017;20;8731;9746;92;20;6243;9746;92
5096;4926;7;2235;2829;23;4;1216;2829;23
5830;9365;9;3401;3691;31;7;1645;3691;31
2635;4729;4;1367;3227;29;4;1136;3227;29
3382;7192;16;6116;6924;60;17;5230;6924;60
6900;2660;14;4834;5743;54;13;4254;5743;54
9054;2380;19;9454;7658;77;20;5608;7658;73
8985;6580;16;6220;6467;55;17;5049;6467;55
935;5313;18;7044;5099;39;9;2655;5099;39
6215;5700;18;7153;7329;67;17;5213;7329;67
3458;3026;1;187;1111;14;1;134;1111;14
501;734;10;3293;4618;45;9;2333;4618;45
1174;1398;4;1612;2411;28;4;783;2411;28
2933;4917;19;8558;7516;68;21;6281;7516;68
8033;3782;16;5961;6874;60;18;5072;6874;60
6537;7650;18;8042;9812;93;21;6797;9812;93
9599;4662;22;8053;8924;79;26;6718;8924;79
34;6474;14;4136;3919;36;12;2214;3919;36
6136;7393;16;5931;5488;48;16;4379;5488;48
8947;2232;19;8666;7998;72;15;4718;7998;72
7204;5829;17;7311;9043;81;16;4622;9043;81
7060;1868;3;661;1531;10;2;314;1531;10
1978;9736;0;324;1080;11;2;167;1080;11
4482;6671;17;7807;9807;85;22;6610;9807;85
4134;8326;3;748;2077;20;2;437;2077;20
1412;9538;0;324;1074;11;1;168;1074;11
4568;584;24;9955;10038;88;26;6948;10038;88
5481;8322;26;7201;7685;69;24;5484;7685;69
9881;2035;17;7721;7640;66;20;5891;7640;66
1357;106;15;4321;6399;56;12;3667;6399;56
4441;282;2;237;960;10;3;130;960;10
2363;2726;9;1596;3569;31;8;1414;3569;31
9940;1376;22;8795;7121;66;16;4598;7121;66
5355;8159;18;7904;8838;85;21;6705;8838;85
3219;6862;6;1964;3425;33;7;1579;3425;33
4828;6071;21;7529;9051;81;21;6635;9051;81
9982;9933;3;656;2075;18;2;426;2075;18
9565;5955;14;5424;7038;62;16;4684;7038;62
2719;8433;9;2701;3818;38;5;1309;3818;38
7270;2640;6;2546;3178;27;5;1423;3178;27
3634;4563;19;7922;9627;89;21;6729;9627;89
8100;9571;2;884;1785;19;1;494;1785;19
1416;9129;19;7108;6469;59;15;4318;6469;59
7505;1393;12;2475;3535;34;6;1338;3535;34
2299;3955;17;6766;7839;72;16;4675;7839;72
8097;3608;10;2933;4157;38;12;2020;4157;38
6652;629;25;9998;10526;97;23;6893;10526;97
2168;376;3;814;1939;22;2;414;1939;22
2568;7788;19;8859;7734;69;20;6471;7734;69
8234;8770;16;5463;4513;47;10;2905;4513;47
649;9407;20;9481;9406;86;28;6968;9406;86
4875;9707;15;5011;6370;54;16;4273;6370;54
57;5652;18;6416;4867;47;10;2429;4867;47
8148;1180;18;5090;4569;38;14;2932;4569;38
465;2267;15;6219;8104;73;18;3958;8104;73
4055;3978;16;5335;4739;41;13;3139;4739;41
5535;3451;7;2417;3462;37;7;1651;3462;37
5018;9661;17;6712;5634;55;14;4306;5634;55
9414;4183;18;7135;6183;60;9;3019;6183;60
239;3199;5;1670;2438;20;4;810;2438;20
2255;6205;1;122;770;8;0;87;770;8
2356;7811;6;1789;3858;40;5;1608;3858;40
2574;1547;19;8647;9363;78;24;6775;9363;78
8038;6191;3;931;2424;20;2;686;2424;20
6623;7294;12;3453;5714;56;17;3045;5714;56
4433;359;4;999;1907;20;2;555;1907;20
5183;7048;2;292;1089;8;2;166;1089;8
8610;3895;4;989;1922;17;2;515;1922;17
6391;5645;12;3351;3781;34;8;2121;3781;34
221;4685;15;5072;6627;61;12;3271;6627;61
147;5915;8;2700;4064;38;9;1984;4064;38
2746;2417;2;732;1961;23;2;597;1961;23
6481;4867;18;7544;7301;73;20;6018;7301;73
6410;9250;18;7702;6268;55;15;4558;6268;55
6421;2744;9;3146;4495;40;9;2699;4495;40
2776;6863;2;610;1504;15;1;351;1504;15
5834;7683;3;1036;1859;19;2;490;1859;19
1211;4142;19;7623;6417;55;15;4907;6417;55
7058;6848;12;3539;5500;57;13;2956;5500;57
4584;3820;12;3919;3789;34;5;1627;3789;34
318;7401;19;7645;7259;74;18;5399;7259;74
5732;306;11;3104;5129;49;9;2708;5129;49
889;8637;18;6563;5270;42;11;3068;5270;42
7686;4176;13;4962;5307;46;14;4121;5307;46
8142;5821;11;3872;5212;50;11;2859;5212;50
8763;8841;1;248;1159;12;0;178;1159;12
187;8547;1;93;587;4;0;48;587;4
1156;6586;14;5695;7478;65;17;5062;7478;65
8717;9855;5;1528;2323;21;3;750;2323;21
9850;2568;2;552;1369;16;1;273;1369;16
4858;5903;2;701;1555;16;2;344;1555;16
4209;7941;18;7949;8680;81;20;4302;8680;81
5998;9850;19;8058;7202;58;18;5407;7202;58
9690;4959;10;3121;3536;30;5;1427;3536;30
7245;3097;16;6016;4711;49;10;2633;4711;49
2002;9701;13;5390;7413;64;15;4792;7413;64
5128;6754;19;8335;8737;74;17;4623;8737;74
3608;7639;5;1923;2615;24;3;948;2615;24
7530;2979;15;5812;7056;70;19;5039;7056;70
9772;2009;20;7433;5930;50;15;4144;5930;50
866;6568;4;1111;1979;17;4;562;1979;17
4035;8899;22;9755;9717;100;21;6614;9717;100
3723;9769;15;5048;5544;49;13;4132;5544;49
8919;5832;8;2238;2834;26;4;1116;2834;26
8870;1234;20;9285;8500;83;19;6565;8500;83
2171;6513;20;9734;8382;72;16;5071;8382;72
6409;9744;18;7531;7092;68;17;5175;7092;68
5116;9654;5;1466;2422;22;3;883;2422;22
4769;5525;11;4004;3920;39;6;1517;3920;39
643;5048;3;1218;2429;24;3;803;2429;24
1363;6489;16;5554;7455;68;22;3701;7455;68
424;9614;8;2143;3466;35;7;1626;3466;35
2865;253;8;3028;3299;28;6;1469;3299;28
2064;5177;19;7326;5780;47;13;4153;5780;47
5032;4092;18;7926;8236;74;18;5669;8236;74
8374;8806;8;2868;5429;52;8;2573;5429;52
2821;177;17;6982;5321;45;9;2314;5321;45
1784;4816;18;9787;10170;99;19;6297;10170;99
3960;7423;17;7346;5859;55;13;4127;5859;55
9736;5040;18;8126;6557;58;19;5369;6557;58
8768;1329;19;7075;6766;63;17;5249;6766;63
9123;5410;14;5309;6477;60;14;4089;6477;60
8998;7663;11;4411;5755;56;12;3654;5755;56
6591;3813;9;3533;3612;33;6;1479;3612;33
182;5865;18;7866;7103;64;20;6127;7103;64
9325;8350;13;4872;5183;52;9;2865;5183;52
8088;67;19;8502;9609;89;15;5235;9609;89
1038;2681;19;8119;9582;79;17;5591;9582;79
6637;3022;20;7741;9015;84;22;6530;9015;84
369;2414;18;8678;8861;86;21;6326;8861;86
7733;6798;3;1186;2135;19;4;699;2135;19
4890;908;14;5932;7216;63;14;4585;7216;63
1565;877;17;6713;5946;59;14;3856;5946;59
8575;1781;16;5783;7615;70;16;5206;7615;70
4885;3259;16;5558;7152;70;14;4814;7152;70
4124;7669;18;7877;7640;65;18;5403;7640;65
5648;3232;22;9177;9658;86;21;6989;9658;86
3126;927;16;5774;6296;54;11;3580;6296;54
1893;3792;18;8139;8565;67;19;5895;8565;67
764;8070;6;2410;4350;38;7;2033;4350;38
8786;3434;18;8255;7236;66;16;5058;7236;66
458;3222;16;6514;7647;72;15;4734;7647;72
6656;8509;19;8687;9525;78;21;6803;9525;78
8631;1677;7;2297;2857;22;4;1134;2857;22
5633;712;5;1214;2106;21;3;673;2106;21
7647;8809;23;9483;9090;87;22;6994;9090;87
3782;3500;8;2505;3051;26;5;1083;3051;27
1051;5566;15;6474;6222;57;12;3833;6222;57
2525;7407;17;6321;8602;80;16;4914;8602;80
7131;4916;3;1214;2711;27;3;933;2711;27
2584;8704;8;2465;2956;23;3;928;2956;23
1669;8971;9;2305;2940;23;5;1244;2940;25
6025;2;9;3203;3535;32;8;1793;3535;32
7319;5212;10;3743;6453;62;11;3344;6453;62
2265;3128;13;4349;5229;47;11;3080;5229;47
2521;622;18;8362;9806;90;21;5923;9806;90
5752;4267;19;7573;8896;80;20;6461;8896;80
6366;6562;15;5174;4498;42;13;2859;4498;42
7534;1355;6;1484;2315;25;2;758;2315;25
1721;6299;20;9108;9421;80;21;6720;9421;79
8256;9599;20;8407;8004;66;17;5631;8004;66
77;6749;7;2235;2901;29;3;915;2901;29
6206;3994;7;2270;3524;37;5;1430;3524;37
6428;2465;13;4525;3999;39;7;2033;3999;39
7738;9149;10;2932;3356;31;6;1541;3356;31
5281;930;9;3365;4434;37;9;2488;4434;37
8019;3779;19;7348;8305;77;19;5777;8305;77
25;2839;10;3426;3499;38;5;1667;3499;38
8143;236;2;564;2039;21;1;393;2039;21
3259;2717;11;3825;4362;45;12;2780;4362;45
3271;2890;14;5117;6024;54;12;3608;6024;54
825;5825;18;7948;8640;84;21;6717;8640;84
3228;8050;9;2839;3191;34;4;1111;3191;34
6782;263;13;4866;5142;52;11;3004;5142;52
199;1231;19;9577;8480;69;19;5933;8480;69
6807;7353;18;9179;9781;80;23;7262;9781;80
30;2889;20;8464;8259;70;21;6442;8259;70
895;5055;16;6092;4932;45;13;3464;4932;45
8995;9308;10;3447;3987;36;8;2314;3987;36
7155;2600;14;5531;6014;58;15;4280;6014;58
342;201;14;4856;5125;51;12;3694;5125;51
1268;5699;19;7019;5868;55;11;3391;5868;55
2427;838;12;3280;4259;42;7;2258;4259;42
6234;7884;19;8112;8741;81;20;6512;8741;81
7142;4274;12;3133;3345;34;5;1359;3345;34
6789;9958;24;9293;8340;74;21;6533;8340;74
195;6937;7;2243;3845;36;5;1532;3845;36
1359;9969;13;4532;4160;38;5;1870;4160;38
6306;9856;20;8779;9162;78;20;6412;9162;78
6878;3561;15;6095;8066;76;15;4355;8066;76
8767;398;18;7381;7313;68;16;4802;7313;68
342;123;19;9028;8033;75;21;6054;8033;75
1744;5992;19;9421;9310;88;22;5441;9310;88
298;1204;26;9985;9236;85;19;5874;9236;85
4983;3031;6;2150;3557;37;5;1630;3557;37
642;6343;18;6677;7039;64;20;5539;7039;64
55;5255;19;7389;8643;57;14;4212;8643;57
5369;2443;17;6112;6571;58;17;5178;6571;58
5124;2271;17;7642;8870;69;18;6067;8870;69
3854;1743;7;2487;3389;29;6;1583;3389;29
8803;7592;17;6639;5035;48;11;3267;5035;47
8378;1131;21;9593;10930;103;22;7410;10930;103
2576;2235;18;7678;7942;75;19;6167;7942;75
9601;8916;5;1618;2594;22;2;835;2594;22
6287;2716;20;7087;9659;90;16;5637;9659;90
7921;3371;20;8965;6426;64;12;3727;6426;64
2842;2285;19;9564;8142;74;19;5977;8142;75
1992;4180;18;8489;7368;63;19;5650;7368;63
4937;8960;3;1249;2113;21;2;634;2113;21
5314;3150;8;2395;4482;40;8;2060;4482;40
511;2077;20;8435;7902;64;20;6162;7902;64
2463;7923;9;3005;3347;29;4;1092;3347;29
4401;9772;14;5549;6316;50;14;4418;6316;50
5987;3133;19;7921;8366;77;20;6755;8366;77
2849;320;20;9530;6591;59;13;4135;6591;59
4167;963;9;2873;3754;35;7;1900;3754;35
7897;2257;18;9206;9215;87;24;7020;9215;87
9870;9775;17;7043;6948;58;18;4810;6948;58
5220;1203;2;389;1162;13;2;186;1162;13
6962;350;9;2657;3821;38;7;1999;3821;38
3446;8216;19;9391;10070;92;21;6805;10070;92
2508;1347;14;5446;6669;63;14;4324;6669;63
9995;1471;10;4027;4413;40;8;2150;4413;40
1970;6040;19;9707;10868;98;23;7565;10868;98
7757;3303;18;8140;6642;62;15;4953;6642;62
7002;2706;0;134;696;9;1;74;696;9
6351;1428;18;8304;8601;80;19;6015;8601;80
3693;975;17;6495;7907;64;15;3912;7907;64
2806;6412;17;7340;7845;81;19;6108;7845;81
2183;2255;3;1171;3352;20;4;844;3352;20
7064;8159;10;4046;3895;34;13;2152;3895;34
6971;61;13;4093;4599;43;10;2384;4599;43
7692;6385;2;727;1868;17;3;480;1868;17
6515;1016;13;5182;6143;54;14;3975;6143;54
8961;9766;19;9171;7756;69;21;5850;7756;69
4789;4370;20;7537;7380;67;14;4139;7380;67
8859;6984;5;1402;3222;32;5;1199;3222;33
1602;8916;0;150;708;9;0;83;708;9
9688;7592;9;3138;5390;43;9;2591;5390;43
5192;1900;4;1022;2887;29;3;823;2887;29
4512;7711;14;4861;4338;39;7;1849;4338;39
7495;1092;3;866;1780;18;2;499;1780;18
2011;63;19;8688;9664;82;21;6886;9664;82
1360;4976;5;2080;2850;23;5;1179;2850;23
3628;5899;16;6021;7632;61;16;4773;7632;61
9736;9332;23;9448;7797;73;18;5275;7797;73
75;1199;18;7740;8463;77;18;6114;8463;77
1677;6975;9;2917;3893;35;7;1878;3893;35
1489;3421;9;3043;3458;34;7;1770;3458;34
8256;664;17;7335;7329;69;22;6268;7329;69
2076;3862;10;3266;4563;42;8;2628;4563;42
3200;5876;16;7112;5599;47;12;3596;5599;47
2082;738;4;1429;2385;22;5;873;2385;22
5080;9985;5;1928;3531;32;3;1195;3531;32
6115;524;16;6262;4988;48;11;3204;4988;48
1262;1331;9;2416;2952;26;3;858;2952;26
9111;6412;13;5138;5571;53;12;3510;5571;53
5308;2520;14;4503;4040;36;10;2312;4040;36
5110;866;17;4642;5895;49;13;4014;5895;49
8539;6393;20;9296;10336;96;20;6291;10336;96
4166;8604;25;9369;8717;77;22;6742;8717;77
7163;2863;11;4458;6354;60;14;3901;6354;60
6415;1540;7;2167;2935;27;4;1175;2935;27
8928;5936;1;630;2093;21;3;520;2093;21
4363;7785;9;3644;3927;35;7;2252;3927;35
9927;6661;16;6514;6667;64;15;4613;6667;64
4153;5433;20;9026;6473;61;15;4486;6473;62
7638;6233;5;1869;3761;37;5;1572;3761;37
1664;8920;0;6;146;3;1;9;146;3
6913;2448;14;5390;4588;43;10;2769;4588;43
1680;1247;7;2401;3964;40;7;2011;3964;40
1288;1057;16;7127;6804;61;19;5435;6804;61
4213;8324;8;1341;2308;25;2;722;2308;25
2382;6306;20;8637;6724;59;16;4869;6724;59
7909;8081;20;7324;6535;65;13;3743;6535;65
7428;7198;20;8086;7612;72;18;5679;7612;72
8073;4212;6;2103;3043;30;4;1308;3043;30
9988;2086;16;6920;8018;70;19;5942;8018;74
5624;2659;7;2199;2796;26;3;1140;2796;26
1722;8609;7;2158;3887;38;6;1915;3887;38
4110;9273;10;3261;4607;39;8;2098;4607;39
3292;3857;19;8845;8484;80;20;6458;8484;80
6955;7809;5;1284;2128;22;3;752;2128;22
3227;1316;16;6084;6243;55;12;3518;6243;55
8552;5022;14;5213;4438;48;8;2492;4438;48
1153;4771;20;9207;10278;96;21;7026;10278;96
213;6821;17;6570;5087;43;11;3535;5087;43
2410;9819;20;9475;9356;84;18;5873;9356;84
2254;8696;12;4092;4016;35;10;2242;4016;35
208;533;14;5297;4535;41;6;1718;4535;41
796;2384;10;3524;4889;49;9;2991;4889;49
4766;3380;18;6652;8769;81;20;5948;8769;81
7511;5750;17;6745;5086;43;12;3658;5086;43
8486;4731;20;9187;8934;78;21;6807;8934;78
8649;8990;12;4805;5636;55;8;2368;5636;55
6910;5240;1;489;1345;15;2;274;1345;15
6174;6528;17;6939;7214;69;18;5721;7214;69
9076;1953;9;3077;4778;48;9;2692;4778;48
4232;9508;0;238;925;10;2;168;925;10
9427;602;10;3359;4093;33;7;1971;4093;33
3406;1962;14;5303;7545;70;14;4236;7545;70
670;5856;15;5225;4700;44;10;2822;4700;44
1748;915;19;4847;5868;49;13;4068;5868;49
5385;484;20;9648;8698;79;20;6653;8698;79
5014;6159;6;1999;4065;36;6;1726;4065;36
1335;2615;4;1261;2227;20;4;779;2227;20
2799;3508;12;4985;6269;61;12;3571;6269;61
4957;9999;12;4681;5054;53;12;3524;5054;53
7430;4407;11;3972;3784;38;7;1857;3784;38
8277;1667;18;7887;9062;85;21;6594;9062;85
119;3051;6;2314;2848;29;3;900;2848;29
4448;6905;8;2935;3848;35;7;1949;3848;35
3184;4931;20;9550;9560;88;23;5773;9560;88
2579;2313;18;5643;5209;50;12;3143;5209;50
1090;6613;8;2445;3610;31;6;1687;3610;31
1538;6286;9;2914;4735;40;9;2497;4735;40
3159;910;18;8182;8350;77;21;6313;8350;77
330;8089;2;853;2026;15;2;547;2026;15
6115;4796;3;816;1771;15;2;429;1771;15
7;1361;15;6488;6747;59;17;5450;6747;59
6002;6843;17;8140;8392;76;19;5891;8392;76
8198;4923;17;6999;7418;65;15;4650;7418;65
3649;7775;13;3976;4747;43;14;3163;4747;43
2709;7185;0;328;1423;13;2;217;1423;13
3513;6955;16;7188;7487;61;19;6182;7487;61
3447;4834;18;7960;9669;76;17;5958;9669;76
5990;5692;5;1362;2894;27;4;915;2894;27
675;8695;2;678;2748;25;3;622;2748;25
3879;1542;11;4319;3989;38;9;2221;3989;38
4700;9693;19;9413;9668;83;18;5681;9668;83
7854;8153;10;3206;3560;33;6;1391;3560;33
5340;740;12;4802;4221;35;9;2504;4221;35
6886;1758;19;9691;8840;82;18;5775;8840;82
233;147;16;6108;7274;67;15;4354;7274;66
3620;2244;17;7728;8248;74;15;4644;8248;74
9945;9477;11;3417;3525;35;5;1584;3525;35
7605;9313;20;7389;7390;66;16;5284;7390;66
3682;7316;11;3675;5810;56;10;3182;5810;56
6519;6839;9;3176;3876;36;7;1841;3876;36
538;3504;19;8872;8728;86;18;5335;8728;86
4133;5718;11;2936;4692;41;8;2154;4692;41
9805;3004;10;3009;4761;43;8;2458;4761;43
3546;2951;20;9828;9201;75;33;6568;9201;75
5693;9302;19;7110;6281;63;16;5107;6281;63
295;8108;14;5193;5049;49;14;3580;5049;49
8436;8257;18;6363;7752;68;17;4640;7752;68
3487;4530;14;5275;4854;51;9;2954;4854;51
4933;353;18;7352;8877;82;20;6068;8877;82
9167;5408;18;8429;9989;88;18;5951;9989;88
688;2050;20;9007;7568;68;18;5801;7568;68
2651;6559;2;404;1232;15;2;191;1232;15
6228;3877;3;1049;1998;17;3;422;1998;17
8484;6581;7;2296;2877;28;4;1186;2877;28
7118;7447;7;2475;3254;27;4;1115;3254;27
2309;1199;2;613;1959;20;2;411;1959;20
7808;5792;17;9086;9515;86;20;6691;9515;86
2333;3851;5;1895;3520;36;6;1304;3520;36
1629;1653;13;4225;4891;40;12;2832;4891;40
7591;9551;14;5237;7300;66;14;4299;7300;66
8417;7195;13;5158;5713;54;12;3508;5713;54
6228;7610;19;9778;10443;92;22;7157;10443;92
782;3577;14;6099;6512;52;10;2797;6512;52
8907;7189;20;7913;8416;75;19;6498;8416;75
5473;5816;10;3083;3375;31;5;1581;3375;31
6279;6614;13;4327;4691;41;9;3006;4691;41
1698;1722;20;9409;6622;62;14;4280;6622;62
4382;6081;16;5566;5408;44;10;3063;5408;44
9322;2644;6;2247;4333;35;7;1955;4333;35
6545;5274;14;5279;6133;56;10;3008;6133;56
255;5385;15;6376;5321;50;13;3975;5321;50
3663;2347;20;9377;11584;103;24;7401;11584;103
1803;8116;11;3639;4857;43;8;1842;4857;43
1813;9646;19;9361;8585;75;18;5893;8585;75
6651;8897;0;91;566;5;1;48;566;5
4528;4665;17;7789;7011;67;19;6226;7011;67
195;361;20;8225;8959;82;19;5951;8959;82
9363;6980;20;7180;5822;55;15;4047;5822;55
927;4201;20;9816;10885;102;21;7175;10885;102
6340;3095;9;2866;3971;36;7;1988;3971;36
2756;9870;19;7761;8516;79;21;6140;8516;79
2704;9604;13;4335;4072;38;8;2353;4072;38
3380;6638;19;9106;7095;65;17;5320;7095;65
4383;7342;9;3108;3915;47;8;2167;3915;47
8928;70;18;9558;11867;101;23;7472;11867;101
6754;3781;14;5051;7792;72;13;4433;7792;72
2313;1292;20;8649;9066;98;18;5836;9066;98
8777;8751;10;3300;4943;45;10;2844;4943;45
5743;1808;18;7542;7362;68;19;5787;7362;68
7537;9669;14;4422;4898;40;7;1785;4898;40
9114;2836;15;5751;5539;49;13;3613;5539;49
3450;6903;1;637;1669;14;1;406;1669;14
9879;4405;3;847;1795;19;1;360;1795;19
7383;2413;13;4235;3927;35;8;2178;3927;35
3978;2036;17;8061;7610;68;16;4681;7610;68
207;7739;9;3521;5126;47;10;2749;5126;47
9586;7718;17;8278;9228;79;19;5922;9228;79
5072;3439;15;6146;4668;46;9;2619;4668;46
9946;1444;13;4681;6929;63;12;4020;6929;63
531;9307;17;7856;8808;56;20;4301;8808;56
3307;4720;2;529;1360;12;1;273;1360;12
874;9305;15;5537;4625;49;11;2986;4625;49
4063;8373;0;339;1654;17;2;298;1654;17
7638;9520;14;5567;7459;66;15;4572;7459;66
8960;25;13;3958;4478;46;9;2535;4478;46
7510;4562;18;7415;7926;76;20;6400;7926;76
6495;4018;17;7632;8545;80;17;5218;8545;80
9705;9807;19;8829;7073;57;15;4596;7073;57
4625;1633;1;126;659;6;1;80;659;6
1397;42;3;1248;2094;21;2;524;2094;21
8147;1360;12;5049;5252;49;13;3570;5252;49
1472;1205;4;1318;2139;24;4;639;2139;24
8863;5844;19;7525;9014;80;16;5553;9014;80
5339;11;19;8535;6464;58;15;4779;6464;58
23;3359;13;4886;5586;52;11;3487;5586;52
4046;9018;24;8063;7222;61;19;5720;7222;61
3485;3173;14;5059;4254;38;8;2084;4254;38
158;2956;11;3679;3802;34;8;1991;3802;34
8293;9000;20;9602;11143;96;22;7416;11143;97
9819;4608;8;2571;5069;47;7;2242;5069;47
4834;5266;13;3595;4523;40;11;1940;4523;40
7415;170;2;480;1311;11;0;264;1311;11
9821;5662;11;3561;4804;47;9;2370;4804;47
2769;2915;4;1265;2765;24;3;881;2765;24
3093;2020;13;4551;5150;46;8;2735;5150;46
639;6366;11;4118;4060;38;8;2362;4060;38
8416;2991;15;5539;6634;59;13;3779;6634;59
5274;3577;15;6793;8450;23;12;3697;8450;23
879;3501;2;608;1506;13;1;332;1506;13
1523;7324;6;2034;3628;35;5;1390;3628;35
7839;3682;20;9817;10273;96;22;7219;10273;96
2356;1041;10;3533;5864;53;11;3148;5864;53
9836;5481;0;98;587;7;1;56;587;7
6449;9280;20;8614;7300;65;23;6159;7300;65
8352;7737;3;1183;2522;24;4;758;2522;24
236;4597;15;6818;7068;70;17;5286;7068;70
889;8591;19;8382;6594;53;15;4922;6594;53
8312;6608;19;8250;8620;75;19;6456;8620;75
3065;2654;19;8637;7875;69;20;6416;7875;69
2950;3337;15;5851;4631;47;10;2457;4631;47
8023;8800;3;893;1782;18;1;476;1782;18
1787;8638;20;9802;10047;89;21;7096;10047;89
5539;4391;3;541;1736;13;2;342;1736;13
5683;7995;21;8367;8635;86;21;6737;8635;86
854;9892;18;7432;5515;50;12;3501;5515;50
5806;5413;18;6794;5333;45;13;3803;5333;45
3575;6963;18;8375;9011;78;21;6776;9011;78
1448;5475;3;821;1736;16;1;442;1736;16
3530;897;17;6326;8321;72;16;5455;8321;72
6231;2889;19;8162;7314;65;18;5971;7314;65
4020;1323;5;1489;2704;22;4;1031;2704;22
6461;3362;20;9082;10140;85;24;7078;10140;85
1241;981;7;2156;2822;25;3;806;2822;25
7069;6425;4;1720;3590;33;6;1475;3590;33
7894;2884;14;4923;4263;45;8;2151;4263;45
5099;9252;17;6964;8047;72;17;4842;8047;72
2971;537;7;1832;2583;24;3;963;2583;24
364;3246;17;6337;6175;52;12;3832;6175;52
5056;1274;19;8383;7794;66;17;5336;7794;66
1021;4000;5;1294;2209;22;2;500;2209;22
1624;4030;15;5295;5765;54;12;3758;5765;54
5711;5659;12;4815;5871;53;13;3503;5871;53
9859;7204;20;8499;8931;84;17;5342;8931;84
9103;6244;16;6767;7851;73;14;4659;7851;73
5773;8145;19;9228;7907;69;17;5662;7907;69
2020;9532;15;6360;7530;68;15;4350;7530;68
9108;7316;9;3431;3665;33;7;1862;3665;33
4818;8427;19;8877;10493;97;20;7061;10493;97
1207;6392;18;7909;7072;67;14;4561;7072;67
1739;8825;6;2113;3238;31;6;1434;3238;31
329;8181;16;6330;8374;73;15;4600;8374;73
213;3913;8;2213;2795;25;5;1075;2795;25
4901;1475;18;8670;8180;72;20;6447;8180;72
5943;8514;16;7081;7984;74;18;6108;7984;74
6236;9741;12;4525;4577;45;14;3000;4577;45
8077;9338;4;1009;1915;19;2;541;1915;19
1161;5694;1;522;1393;14;0;269;1393;14
7115;4625;19;8700;6903;54;18;5471;6903;54
6614;3626;17;6577;5453;49;12;3532;5453;49
4093;7016;1;482;1439;14;2;312;1439;14
4616;299;0;477;1212;12;1;264;1212;12
477;6957;13;4740;4131;40;9;2416;4131;40
1796;9687;2;832;1735;17;3;424;1735;17
7214;9748;1;378;2160;14;2;272;2160;14
1429;474;12;3534;4488;42;10;2331;4488;42
6965;6627;1;398;1245;12;2;256;1245;12
8166;3126;2;462;1284;17;0;224;1284;17
7816;3466;15;5483;4576;38;10;2931;4576;38
3513;1875;11;3918;4935;48;9;2543;4935;48
1198;5501;19;9848;10629;95;21;7100;10629;95
8314;9796;0;267;1009;11;1;136;1009;11
7830;4895;17;7052;7919;73;16;4998;7919;73
2414;8;13;4610;5940;57;12;3679;5940;57
1284;4941;13;4902;5667;47;13;3558;5667;47
7589;3337;19;8528;6294;59;13;4033;6294;60
4246;1044;4;1217;2594;23;3;780;2594;23
1438;7045;5;1836;3152;31;4;1236;3152;31
8805;3872;21;7982;7404;66;17;5775;7404;66
3994;3079;13;4940;5912;61;10;3075;5912;61
9462;1586;19;8376;6734;67;16;4637;6734;67
1592;4770;17;8775;9145;90;23;7005;9145;90
1504;3884;18;7558;5182;49;11;2943;5182;49
5712;7097;1;512;1383;13;1;294;1383;13
5160;5148;15;6127;6180;58;15;4252;6180;58
6555;3117;11;4273;5352;51;9;2655;5352;51
5704;8756;19;8595;9825;92;25;7127;9825;93
7615;9507;9;2986;3852;38;8;2081;3852;38
6414;8898;19;9459;10227;100;21;6972;10227;100
8105;3121;6;1853;2664;24;4;1057;2664;24
3744;7873;17;6649;7325;67;17;5408;7325;66
9571;6390;3;1030;1920;22;2;574;1920;22
5198;9450;20;9770;9788;93;21;7044;9788;93
7717;8019;17;7264;6119;53;14;3963;6119;53
7744;584;19;9590;9473;91;18;5848;9473;89
7079;8618;16;6351;6710;57;13;3775;6710;57
9390;103;17;6292;6200;56;16;4884;6200;56
9060;5617;12;4045;3797;37;6;1799;3797;37
494;7048;9;2662;3087;30;4;1349;3087;30
2123;1379;15;5835;6588;61;11;3133;6588;60
9096;5780;9;3304;3708;36;7;1748;3708;36
7279;6435;3;1322;2199;21;2;692;2199;21
7222;2234;9;2661;3461;34;5;1531;3461;34
5487;558;7;2423;2992;28;4;1326;2992;28
2183;2487;7;1945;4544;38;5;1755;4544;38
2319;9740;13;5143;7752;74;14;4510;7752;74
9874;6721;3;1120;1990;16;3;544;1990;16
1653;3154;14;5974;5558;54;16;4195;5558;54
6120;3568;11;3568;3663;27;6;1820;3663;27
512;7864;17;5614;5502;47;15;4239;5502;47
4738;1257;8;3103;4141;43;12;2210;4141;43
3969;130;19;8449;6343;53;15;4809;6343;53
4682;4057;16;6420;6270;56;14;4198;6270;56
622;3005;13;5015;6197;59;13;4014;6197;59
5125;8682;17;6991;7611;57;17;5284;7611;57
4220;440;16;6351;8885;80;18;5608;8885;80
6653;5093;5;1555;3288;30;5;1149;3288;30
9642;6300;9;3306;5755;56;10;2952;5755;56
5853;6116;21;8951;9641;85;22;7264;9641;85
8061;1609;6;1646;2475;24;2;817;2475;24
3430;5506;15;5284;6711;65;16;4661;6711;65
9749;3406;15;6779;7477;72;14;4134;7477;72
7871;9074;7;2573;3627;39;7;1514;3627;39
5294;2324;16;6556;6763;59;15;4214;6763;59
8841;5721;17;7784;7879;73;26;5967;7879;73
6482;5208;19;7614;5710;55;14;4367;5710;55
4640;6089;8;2947;4990;46;8;2496;4990;46
1084;4628;17;5112;6174;55;14;4457;6174;55
2269;267;6;1475;2286;21;3;691;2286;21
232;3321;13;5654;7739;63;15;4554;7739;63
5288;8375;8;2345;2989;30;4;1139;2989;30
4790;2043;5;1404;2330;23;3;784;2330;23
859;3955;20;8983;7384;73;16;5497;7384;73
2126;7545;0;191;991;9;2;158;991;9
3922;8918;12;4075;5953;58;9;2746;5953;58
6957;4935;19;8380;7906;75;19;6351;7906;75
8559;9880;10;3492;4981;51;10;2811;4981;51
3613;634;6;2191;2819;26;4;1113;2819;26
3722;824;9;3304;4818;43;10;2884;4818;43
4435;4751;5;2129;3842;32;7;1447;3842;32
6773;9337;22;9859;9880;92;20;6780;9880;92
2737;1592;8;2889;3224;33;6;1398;3224;33
7757;6042;18;7987;6562;59;15;4525;6562;59
4060;9684;13;4467;3974;33;8;2188;3974;33
9340;9473;1;329;1116;12;1;190;1116;12
7976;4746;17;7247;6907;66;14;4337;6907;66
5164;7955;11;3986;3744;30;6;1868;3744;30
4431;466;8;2299;5009;42;8;2054;5009;42
1750;4722;19;9851;9724;86;21;6558;9724;86
7424;2560;6;2130;4029;37;6;1730;4029;37
6008;3891;19;6635;7297;69;15;4401;7297;70
8036;4526;9;3168;4285;45;6;1787;4285;45
3253;3339;2;452;1238;16;0;228;1238;15
1244;9556;19;8378;7621;74;19;5217;7621;74
6503;2694;12;4083;4275;37;10;2575;4275;37
6407;743;14;5109;6669;59;16;4306;6669;59
6160;5876;7;2405;3798;32;7;1572;3798;32
4448;539;16;6238;6260;53;12;3551;6260;53
1917;9265;20;9095;7529;64;19;5813;7529;64
7827;5878;17;6886;5753;59;14;3885;5753;59
9419;8863;13;3189;3483;34;5;1371;3483;34
4080;1955;10;3445;5060;45;10;3078;5060;45
1668;2145;19;9698;10871;105;23;7387;10871;105
5224;4896;0;310;1334;13;0;216;1334;13
5330;4598;13;5105;4571;39;13;2894;4571;39
7092;1285;12;4641;5879;56;12;3789;5879;56
5540;2737;6;1951;3489;35;5;1346;3489;35
7446;3808;2;658;1550;16;2;386;1550;16
238;4385;8;3043;4797;37;7;2250;4797;37
2807;1489;15;6072;6140;60;15;4972;6140;60
970;4882;13;4472;4972;45;11;3082;4972;45
9247;3199;19;9144;6180;56;15;3581;6180;56
9965;1087;18;4799;5029;46;12;3156;5029;46
2003;9414;11;3492;3816;33;9;2161;3816;33
9989;65;9;3215;4493;44;10;2701;4493;44
3144;6142;19;8877;9746;87;21;6875;9746;87
3838;265;10;3820;5330;49;10;3346;5330;49
8741;2649;19;8618;5658;53;10;3276;5658;53
5012;1638;10;3326;4495;39;7;1870;4495;39
3495;9304;19;8546;9574;83;20;6567;9574;83
418;7476;10;3126;4196;43;7;2080;4196;43
5711;442;16;6240;7091;62;14;3897;7091;62
8009;5361;14;4985;5466;50;10;3044;5466;50
9494;6595;18;8274;8564;82;20;6631;8564;82
8604;1117;17;8209;9028;88;18;5322;9028;88
4160;645;20;9916;8809;80;19;5851;8809;81
4120;7853;9;3371;4303;33;8;2486;4303;33
8046;429;15;5476;6431;55;13;4127;6431;54
2321;9708;14;5550;5037;43;13;3463;5037;43
8573;4124;5;2005;2704;25;4;1009;2704;26
7768;1455;10;2957;3277;32;7;1541;3277;32
317;176;2;659;1562;18;2;367;1562;18
9097;6083;13;4509;5294;44;12;3423;5294;44
652;9615;15;6491;6096;55;16;4886;6096;55
4832;6198;19;8631;6362;68;15;4769;6362;68
7920;8192;5;1724;2959;31;4;1130;2959;31
3451;6206;13;4605;4548;38;10;2723;4548;38
7315;1814;18;7816;8917;82;19;6291;8917;82
1563;8714;20;9517;6627;64;14;3599;6627;64
1688;4137;10;3820;5978;56;12;3323;5978;58
9380;6835;15;5813;4842;43;11;2493;4842;42
5437;5826;17;6886;6695;56;18;5464;6695;56
6468;3022;15;6101;8799;82;16;5127;8799;82
5817;1411;12;4169;4740;43;8;2669;4740;43
896;7873;11;3320;4361;42;9;2605;4361;42
9924;2961;10;3763;3624;33;5;1367;3624;33
9210;4719;19;9315;7155;72;17;5227;7155;72
9254;8592;18;8493;8144;73;19;6150;8144;73
9615;4546;7;2913;3301;32;6;1301;3301;32
3095;5689;8;3293;4580;42;9;2471;4580;42
6540;5716;16;3350;3468;33;12;1505;3468;33
8598;3930;13;4802;6155;57;13;3796;6155;57
5761;8634;15;5423;5796;53;10;2884;5796;53
1334;7162;10;3427;6073;60;10;3098;6073;60
7870;846;13;4710;5842;49;11;3459;5842;49
2546;5271;18;7505;6882;56;16;5034;6882;56
8090;9511;6;1990;3409;35;4;1343;3409;35
3888;398;4;915;2070;24;2;635;2070;24
7986;9703;13;4985;6198;56;14;3397;6198;56
7043;4135;18;7949;5651;51;13;3658;5651;51
7246;5713;20;7830;7024;62;19;5621;7024;62
1931;3290;10;3555;4195;41;6;2046;4195;41
143;2548;21;8275;8718;76;21;5224;8718;76
8600;3761;5;1384;2871;26;5;1063;2871;26
6501;681;18;7679;7204;67;17;5124;7204;67
6988;5068;13;5385;6264;61;11;3517;6264;61
9725;1989;1;212;895;11;0;134;895;11
5134;9979;18;8355;7624;72;20;5949;7624;72
6920;5947;14;5595;4470;39;10;2820;4470;39
3498;3020;11;3980;3831;30;7;2068;3831;30
5894;5809;14;4539;4843;53;11;2778;4843;53
213;5505;14;4666;4155;38;5;1694;4155;38
1537;4381;10;3325;5568;55;11;2986;5568;55
3391;5053;2;984;2270;17;2;512;2270;17
7127;877;13;5078;7619;55;12;3811;7619;55
3985;9211;13;4435;5409;52;10;2976;5409;52
4143;3072;18;6495;7694;77;18;5442;7694;77
3046;1018;18;6989;6084;53;14;4069;6084;53
4860;5683;10;3594;4155;40;8;2088;4155;40
4838;5113;19;8404;8507;78;19;6580;8507;78
5103;8620;7;2196;3275;29;7;1476;3275;29
4190;219;9;2402;3124;31;5;1235;3124;31
2182;1405;14;4257;5906;52;15;3658;5906;52
1083;7463;8;2581;3054;29;4;1263;3054;29
2451;2085;20;9729;7238;69;16;4740;7238;69
2612;4832;9;2756;3153;31;5;1371;3153;31
3112;2025;12;4314;6232;16;8;2617;6232;16
7512;8251;19;8695;9412;87;21;6730;9412;87
4414;3114;20;8150;6406;68;10;3138;6406;68
2556;6962;13;4026;5538;47;10;3258;5538;47
1669;5363;10;3290;3676;28;4;1371;3676;28
135;6692;17;5996;6816;58;18;5084;6816;58
8998;1906;14;5089;6319;58;14;4192;6319;58
6361;9270;18;7223;6052;56;16;4642;6052;56
1060;6640;11;4309;5495;54;11;3036;5495;54
5893;1947;0;177;767;6;1;83;767;6
5185;5039;4;1001;2491;24;2;695;2491;24
4112;6091;11;4227;6713;62;13;3800;6713;62
4108;8223;18;7020;5107;47;9;3135;5107;46
1058;8563;7;2508;3031;27;6;1285;3031;27
5719;876;19;9560;7385;62;15;4842;7385;62
3241;1080;19;8621;9741;91;15;4931;9741;91
5175;8648;2;692;1564;15;3;370;1564;15
492;2169;15;4897;4655;46;8;2341;4655;46
7430;3393;19;6579;4962;45;11;3210;4962;45
5165;4561;4;1384;2246;19;3;716;2246;19
3602;1502;15;5185;5946;64;14;4512;5946;64
1016;3318;9;2471;2990;30;4;1242;2990;30
3448;7067;19;9720;8816;82;20;6435;8816;82
9192;2545;18;7668;6217;56;14;4456;6217;56
3211;9646;5;1532;2333;18;2;584;2333;18
9289;698;2;541;1398;13;1;293;1398;13
9758;2038;14;5451;5194;46;12;3547;5194;46
4248;4511;18;7714;6658;61;19;5047;6658;61
754;8768;20;7791;6771;60;17;5668;6771;61
1494;9616;16;6262;5961;55;14;3950;5961;55
1480;2469;19;8611;9715;90;21;6947;9715;90
4251;6651;12;4137;3908;32;8;2089;3908;32
3832;6355;2;576;1460;15;1;297;1460;15
9768;7263;3;1104;2675;23;4;801;2675;23
666;2373;16;5863;6907;65;17;5154;6907;65
965;6015;4;725;1640;13;1;361;1640;13
5826;8066;3;1144;2055;20;2;581;2055;20
6729;3221;3;955;1867;17;2;448;1867;17
8089;8496;0;180;843;9;1;123;843;9
9687;9264;14;5707;5477;48;13;3899;5477;48
8854;498;17;7247;9009;86;19;5173;9009;86
1157;7963;12;4484;5812;56;13;4037;5812;56
187;6693;3;705;1564;16;2;350;1564;16
7640;1291;18;9174;9472;80;23;6955;9472;80
4300;9043;17;6931;7854;68;19;5212;7854;68
7724;4693;18;7449;9318;86;15;4564;9318;86
2794;9250;17;6058;6097;52;14;4237;6097;52
5040;7114;17;7066;6971;63;17;5011;6971;63
9774;3549;12;3965;3794;41;6;1869;3794;41
3598;6833;14;5240;5116;48;12;3161;5116;48
4817;5020;19;8759;8964;81;19;6821;8964;81
3255;1423;10;3569;4775;43;9;2469;4775;43
2887;3154;15;5845;6260;60;14;4412;6260;60
4413;5413;16;6442;5869;49;15;4475;5869;49
1485;2611;13;4076;3838;33;7;1840;3838;33
7306;613;14;6197;7636;62;17;5372;7636;62
5080;8976;7;2439;4173;40;8;2080;4173;39
7918;2434;16;7564;7762;66;20;6188;7762;66
4540;2753;21;9365;7765;73;16;4675;7765;73
6982;1636;6;1484;2335;21;3;850;2335;21
6894;9485;14;4851;5302;45;12;3322;5302;45
9175;2517;15;6185;6356;60;15;4636;6356;60
2177;1065;13;5307;6327;64;15;4608;6327;64
443;2251;14;5073;5093;44;12;3506;5093;44
1852;1323;11;4136;4471;40;10;2606;4471;40
8210;8306;3;985;1897;16;2;494;1897;16
7645;89;19;8392;8571;78;20;6402;8571;78
6969;1413;10;3431;3585;34;6;1847;3585;34
3543;9379;24;8903;8801;83;21;6641;8801;83
9880;6361;5;1271;2096;21;3;644;2096;21
9047;6874;20;9693;7358;65;12;3777;7358;65
197;3191;2;453;1250;13;1;250;1250;13
661;8347;20;8691;6940;51;14;3927;6940;51
5287;5427;8;2703;3876;34;8;1884;3876;34
6677;764;24;9553;9911;94;22;6877;9911;94
5653;5677;20;9617;11611;109;24;7372;11611;109
5612;1378;17;7111;7076;59;19;5830;7076;59
7356;2916;5;1008;1954;17;2;498;1954;17
8000;861;11;3945;5785;58;12;3455;5785;58
4143;2386;0;48;423;6;1;50;423;6
281;8433;19;8827;9110;82;17;5474;9110;82
4473;872;18;6257;7002;66;13;4019;7002;66
1156;9921;2;583;1448;15;2;373;1448;15
702;5014;20;9778;11160;108;24;7247;11160;108
2758;6089;13;4631;4213;35;8;2449;4213;35
5519;9479;18;7571;9068;81;20;6656;9068;81
524;2856;17;8491;8098;72;23;6595;8098;72
6573;3607;1;392;1182;13;2;202;1182;13
8353;2968;5;1733;3513;32;6;1442;3513;32
5364;2898;15;6212;6977;64;16;4938;6977;64
5066;3180;11;4127;6708;67;12;3614;6708;67
921;9483;14;5665;6658;51;14;4483;6658;51
475;5942;1;178;1038;10;0;121;1038;10
2783;3925;19;9005;8847;55;15;4610;8847;55
9724;4226;19;8746;8225;71;15;4783;8225;72
770;4770;19;8859;9769;88;20;6935;9769;88
9030;8802;6;1635;2573;25;4;871;2573;25
6390;4565;3;1265;2364;23;3;814;2364;23
9272;9766;19;9157;8291;65;21;6287;8291;65
186;9318;17;6648;5904;53;13;3884;5904;53
5654;8823;11;4009;7212;64;12;3625;7212;64
4534;2530;19;9055;10192;103;21;7124;10192;103
7488;2225;3;1045;1941;20;3;552;1941;20
8388;3931;17;8024;5583;52;10;3213;5583;52
8385;3915;7;2036;3421;32;4;1356;3421;32
1867;771;19;8618;7056;59;18;5618;7056;60
2206;8708;16;6630;5260;50;10;3018;5260;50
3013;6193;15;5954;7669;72;15;4274;7669;72
4382;7660;13;3118;3806;41;6;2004;3806;41
8339;1118;13;4504;6121;55;14;3977;6121;55
2841;2876;17;7071;6904;67;17;4981;6904;67
5671;2783;17;7506;7207;73;17;5299;7207;65
3033;1619;6;1771;3245;29;5;1273;3245;29
6766;879;5;1379;2977;27;4;1032;2977;27
9997;7406;19;9361;9451;78;18;6137;9451;78
3952;4775;1;74;504;7;0;43;504;7
9837;2162;17;6549;6878;62;16;5377;6878;62
6048;5341;14;5139;4304;36;13;2584;4304;36
375;7721;18;7173;7367;68;19;5837;7367;68
9023;5575;19;9766;10263;96;23;7156;10263;96
232;3527;17;7676;9215;88;18;6183;9215;88
8157;2570;2;367;1136;11;1;173;1136;11
262;6232;0;199;877;10;1;85;877;10
9183;868;7;2049;2853;27;4;1147;2853;27
6922;3113;9;2681;3120;28;5;1398;3120;28
764;4881;14;5586;7214;64;16;4800;7214;64
6299;9327;5;1624;3279;33;3;972;3279;33
545;4366;18;7891;8345;78;20;6431;8345;78
2821;4903;11;3749;3690;39;7;1919;3690;39
1989;5640;21;8981;7533;73;16;4798;7533;73
7145;9339;7;2275;4865;48;7;2018;4865;48
7606;528;20;9861;11392;105;22;7415;11392;105
5198;9806;12;3899;4582;41;7;2209;4582;41
2082;6509;20;9937;9676;93;18;6289;9676;93
7157;7989;11;3420;3754;34;7;2068;3754;34
3266;7662;19;8062;8468;75;21;6555;8468;75
6522;8929;7;2354;2920;24;4;1175;2920;24
3297;5771;13;4946;5447;49;7;2337;5447;49
4470;1629;20;8294;7727;70;21;6036;7727;70
1882;870;18;6736;4888;50;10;2913;4888;50
2929;3104;8;3203;5373;43;10;2753;5373;43
4799;868;10;3687;6287;55;12;3276;6287;55
8821;4704;19;9708;9271;80;20;6283;9271;80
4998;7730;17;6898;5136;46;12;3519;5136;46
5727;5316;13;5394;6467;54;15;4534;6467;54
4926;9765;17;6968;6578;65;12;3817;6578;65
7358;9283;16;7362;9247;85;22;6167;9247;85
8527;9826;10;1838;4020;41;7;1560;4020;41
3981;8046;19;8298;9569;79;18;6026;9569;79
9855;1351;12;4707;4351;40;10;2741;4351;40
877;2807;13;4292;5838;53;12;3724;5838;53
4945;1956;19;9727;9697;79;19;6310;9697;79
6987;1757;12;4415;4228;40;8;2195;4228;40
4536;5993;16;6434;5325;49;13;3878;5325;49
7346;5909;1;130;950;10;0;95;950;10
9098;3614;7;2282;2872;30;4;1150;2872;30
3033;4886;16;6203;6783;67;12;3694;6783;67
4640;9209;16;5356;7145;75;14;4550;7145;75
4877;4081;14;5162;4302;38;7;2067;4302;38
3945;9007;11;4095;5301;42;10;2912;5301;42
9113;6972;2;681;1569;16;2;337;1569;16
589;522;17;7504;7150;62;18;5546;7150;62
7777;1353;6;2294;2887;27;5;1153;2887;27
